function_code,category,question,answer,edit_functions
"def predict_log_proba(self, X):
    """"""Estimate log probability.

        Parameters
        ----------
        X : array-like of shape (n_samples, n_features)
            Input data.

        Returns
        -------
        C : ndarray of shape (n_samples, n_classes)
            Estimated log probabilities.
        """"""
    xp, _ = get_namespace(X)
    prediction = self.predict_proba(X)
    info = xp.finfo(prediction.dtype)
    if hasattr(info, 'smallest_normal'):
        smallest_normal = info.smallest_normal
    else:
        smallest_normal = info.tiny
    prediction[prediction == 0.0] += smallest_normal
    return xp.log(prediction)",general,What input data does the predict_log_proba function accept?,"It accepts an array-like of shape (n_samples, n_features) as input data..",[]
"def test_correct_shapes():
    assert orthogonal_mp(X, y[:, 0], n_nonzero_coefs=5).shape == (n_features,)
    assert orthogonal_mp(X, y, n_nonzero_coefs=5).shape == (n_features, 3)",general,What does the `test_correct_shapes` function verify about the output of the `orthogonal_mp` function?,The `test_correct_shapes` function verifies that the output of the `orthogonal_mp` function has the correct shape in different scenarios....,[]
"def get_metadata_routing(self):
    """"""Get metadata routing of this object.

        Please check :ref:`User Guide <metadata_routing>` on how the routing
        mechanism works.

        .. versionadded:: 1.5

        Returns
        -------
        routing : MetadataRouter
            A :class:`~sklearn.utils.metadata_routing.MetadataRouter` encapsulating
            routing information.
        """"""
    router = MetadataRouter(owner=self.__class__.__name__)
    for name, transformer in self.transformer_list:
        router.add(**{name: transformer}, method_mapping=MethodMapping().add(caller='fit', callee='fit').add(caller='fit_transform', callee='fit_transform').add(caller='fit_transform', callee='fit').add(caller='fit_transform', callee='transform').add(caller='transform', callee='transform'))
    return router",general,What does the `get_metadata_routing` function return?,A `MetadataRouter` encapsulating routing information.,[]
"@pytest.mark.parametrize('kernel', kernels)
def test_kernel_clone(kernel):
    kernel = clone(kernel)
    kernel_cloned = clone(kernel)
    assert kernel == kernel_cloned
    assert id(kernel) != id(kernel_cloned)
    assert kernel.get_params() == kernel_cloned.get_params()
    check_hyperparameters_equal(kernel, kernel_cloned)",general,What is the purpose of the `test_kernel_clone` function in the given Python code?,"This function tests whether a kernel clone is successful by comparing the original kernel with its cloned version, ensuring that they have the same parameters but different memory addresses..",[]
"def predict_log_proba(self, X):
    """"""Estimate log probability.

        Parameters
        ----------
        X : array-like of shape (n_samples, n_features)
            Input data.

        Returns
        -------
        C : ndarray of shape (n_samples, n_classes)
            Estimated log probabilities.
        """"""
    xp, _ = get_namespace(X)
    prediction = self.predict_proba(X)
    info = xp.finfo(prediction.dtype)
    if hasattr(info, 'smallest_normal'):
        smallest_normal = info.smallest_normal
    else:
        smallest_normal = info.tiny
    prediction[prediction == 0.0] += smallest_normal
    return xp.log(prediction)",feature_request,Can this function be extended to support multi-threading or parallel processing for large datasets?,"This could be achieved by using Python's built-in threading or multiprocessing modules to split the dataset into smaller chunks, process each chunk independently, and then combine the results. This would allow the function to take advantage of multiple CPU cores and significantly improve performance for large datasets..",[]
"def test_correct_shapes():
    assert orthogonal_mp(X, y[:, 0], n_nonzero_coefs=5).shape == (n_features,)
    assert orthogonal_mp(X, y, n_nonzero_coefs=5).shape == (n_features, 3)",feature_request,Can we add support for sparse matrices as input for the X argument?,This would be useful for users who are working with large datasets and want to reduce memory usage. It could be integrated by adding a.,[]
"def get_metadata_routing(self):
    """"""Get metadata routing of this object.

        Please check :ref:`User Guide <metadata_routing>` on how the routing
        mechanism works.

        .. versionadded:: 1.5

        Returns
        -------
        routing : MetadataRouter
            A :class:`~sklearn.utils.metadata_routing.MetadataRouter` encapsulating
            routing information.
        """"""
    router = MetadataRouter(owner=self.__class__.__name__)
    for name, transformer in self.transformer_list:
        router.add(**{name: transformer}, method_mapping=MethodMapping().add(caller='fit', callee='fit').add(caller='fit_transform', callee='fit_transform').add(caller='fit_transform', callee='fit').add(caller='fit_transform', callee='transform').add(caller='transform', callee='transform'))
    return router",feature_request,** Can?,"This feature could be integrated by allowing the MetadataRouter object to accept a list of owners, and then the function would iterate over this list to create the routing information for each owner. This would be useful for scenarios where a single object needs to be routed based on multiple criteria..",[]
"def test_correct_shapes():
    assert orthogonal_mp(X, y[:, 0], n_nonzero_coefs=5).shape == (n_features,)
    assert orthogonal_mp(X, y, n_nonzero_coefs=5).shape == (n_features, 3)",bug_report,Why is the function returning a different shape when n_nonzero_coefs is set to 5?,The function is returning a different shape when n_nonzero_coefs is.,[]
"def get_metadata_routing(self):
    """"""Get metadata routing of this object.

        Please check :ref:`User Guide <metadata_routing>` on how the routing
        mechanism works.

        .. versionadded:: 1.5

        Returns
        -------
        routing : MetadataRouter
            A :class:`~sklearn.utils.metadata_routing.MetadataRouter` encapsulating
            routing information.
        """"""
    router = MetadataRouter(owner=self.__class__.__name__)
    for name, transformer in self.transformer_list:
        router.add(**{name: transformer}, method_mapping=MethodMapping().add(caller='fit', callee='fit').add(caller='fit_transform', callee='fit_transform').add(caller='fit_transform', callee='fit').add(caller='fit_transform', callee='transform').add(caller='transform', callee='transform'))
    return router",bug_report,What could cause the bug where the `get_metadata_routing?,". If the `self.transformer_list` is empty, the function will still return a `MetadataRouter` instance, but it will not contain any routing information, which could lead to unexpected behavior. This could be fixed by adding a check for the existence of `self.transformer_list` before iterating over it and adding the transformers to the router. If the list is empty, a warning or an error message could be raised to notify the user of the potential issue..",[]
"@pytest.mark.parametrize('kernel', kernels)
def test_kernel_clone(kernel):
    kernel = clone(kernel)
    kernel_cloned = clone(kernel)
    assert kernel == kernel_cloned
    assert id(kernel) != id(kernel_cloned)
    assert kernel.get_params() == kernel_cloned.get_params()
    check_hyperparameters_equal(kernel, kernel_cloned)",bug_report,"What could happen if the `clone` function is not correctly implemented, resulting in a deep copy of the kernel instead of a shallow copy?",". The kernel and its cloned version could end up referencing the same underlying data structures, leading to unexpected behavior and potential data corruption. This could be fixed by implementing a deep copy mechanism in the `clone` function to ensure that the cloned kernel has its own independent copies of the data structures.  The `clone` function should recursively copy all the attributes and nested objects of the kernel, including its hyperparameters and other internal state.  This would ensure that the cloned kernel is a true independent copy of the original kernel, rather than just a shallow copy.",[]
"def test_correct_shapes():
    assert orthogonal_mp(X, y[:, 0], n_nonzero_coefs=5).shape == (n_features,)
    assert orthogonal_mp(X, y, n_nonzero_coefs=5).shape == (n_features, 3)",performance,"Can the function handle large inputs efficiently, considering the computational complexity of the orthogonal matching pursuit algorithm?","The function uses the orthogonal matching pursuit algorithm, which has a time complexity of.",[]
"def get_metadata_routing(self):
    """"""Get metadata routing of this object.

        Please check :ref:`User Guide <metadata_routing>` on how the routing
        mechanism works.

        .. versionadded:: 1.5

        Returns
        -------
        routing : MetadataRouter
            A :class:`~sklearn.utils.metadata_routing.MetadataRouter` encapsulating
            routing information.
        """"""
    router = MetadataRouter(owner=self.__class__.__name__)
    for name, transformer in self.transformer_list:
        router.add(**{name: transformer}, method_mapping=MethodMapping().add(caller='fit', callee='fit').add(caller='fit_transform', callee='fit_transform').add(caller='fit_transform', callee='fit').add(caller='fit_transform', callee='transform').add(caller='transform', callee='transform'))
    return router",performance,What is the potential memory usage of the function when dealing with large transformer lists?,"The function could have high memory usage due to the creation of a MetadataRouter object and the addition of multiple transformers, which could be optimized by using a streaming approach or limiting the number of transformers processed in memory at a time..  # Answer should be concise and focused on performance-related concerns. # Q&A pair should be a single.",[]
"@pytest.mark.parametrize('kernel', kernels)
def test_kernel_clone(kernel):
    kernel = clone(kernel)
    kernel_cloned = clone(kernel)
    assert kernel == kernel_cloned
    assert id(kernel) != id(kernel_cloned)
    assert kernel.get_params() == kernel_cloned.get_params()
    check_hyperparameters_equal(kernel, kernel_cloned)",performance,Does the function's repeated cloning of the kernel object potentially lead to significant performance issues or memory waste?,"The function's repeated cloning of the kernel object may lead to performance issues due to the overhead of creating new objects, but this is mitigated by the use of the `clone` function, which aims to minimize the impact on performance. However, if the kernel object is large or complex, repeated cloning could still lead to significant memory waste. The trade-off is between the benefits of cloning the kernel object for testing purposes and the potential performance and memory implications..",[]
"@pytest.mark.parametrize('check_input', [True, False])
def test_enet_copy_X_True(check_input):
    X, y, _, _ = build_dataset()
    X = X.copy(order='F')
    original_X = X.copy()
    enet = ElasticNet(copy_X=True)
    enet.fit(X, y, check_input=check_input)
    assert_array_equal(original_X, X)",general,What is the purpose of the test_enet_copy_X_True function?,"The purpose of the test_enet_copy_X_True function is to test the copy_X parameter of the ElasticNet model, ensuring that the input data X is not modified during the fitting process, regardless of the copy_X parameter value..",[]
"@ignore_warnings(category=DeprecationWarning)
@pytest.mark.parametrize('metric', PAIRWISE_BOOLEAN_FUNCTIONS)
def test_pairwise_boolean_distance(metric):
    rng = np.random.RandomState(0)
    X = rng.randn(5, 4)
    Y = X.copy()
    Y[0, 0] = 1 - Y[0, 0]
    with ignore_warnings(category=DataConversionWarning):
        for Z in [Y, None]:
            res = pairwise_distances(X, Z, metric=metric)
            np.nan_to_num(res, nan=0, posinf=0, neginf=0, copy=False)
            assert np.sum(res != 0) == 0
    msg = 'Data was converted to boolean for metric %s' % metric
    with pytest.warns(DataConversionWarning, match=msg):
        pairwise_distances(X, metric=metric)
    with pytest.warns(DataConversionWarning, match=msg):
        pairwise_distances(X.astype(bool), Y=Y, metric=metric)
    with warnings.catch_warnings():
        warnings.simplefilter('error', DataConversionWarning)
        pairwise_distances(X.astype(bool), metric=metric)",general,What is the purpose of the test_pairwise_boolean_distance function?,This function tests the pairwise_distances function with boolean data and pairwise Boolean functions to ensure correct behavior and handling of data conversion warnings..,[]
"def _available_if_estimator_has(attr):
    """"""Return a function to check if the sub-estimator(s) has(have) `attr`.

    Helper for Chain implementations.
    """"""

    def _check(self):
        if hasattr(self, 'estimators_'):
            return all((hasattr(est, attr) for est in self.estimators_))
        if hasattr(self.estimator, attr):
            return True
        return False
    return available_if(_check)",general,What is the purpose of the _available_if_estimator_has function?,"This function is used to check if the sub-estimators of a chain implementation have a specified attribute, or if the main estimator has the attribute itself, returning a boolean value indicating availability of the attribute..",[]
"@pytest.mark.parametrize('curve_func', CURVE_FUNCS)
def test_binary_clf_curve_zero_sample_weight(curve_func):
    y_true = [0, 0, 1, 1, 1]
    y_score = [0.1, 0.2, 0.3, 0.4, 0.5]
    sample_weight = [1, 1, 1, 0.5, 0]
    result_1 = curve_func(y_true, y_score, sample_weight=sample_weight)
    result_2 = curve_func(y_true[:-1], y_score[:-1], sample_weight=sample_weight[:-1])
    for arr_1, arr_2 in zip(result_1, result_2):
        assert_allclose(arr_1, arr_2)",general,What is the purpose of the test_binary_clf_curve_zero_sample_weight function?,"This function tests the binary classification curve function with zero sample weight for a given dataset, comparing the results with the results obtained from a subset of the data..",[]
"@pytest.mark.parametrize('check_input', [True, False])
def test_enet_copy_X_True(check_input):
    X, y, _, _ = build_dataset()
    X = X.copy(order='F')
    original_X = X.copy()
    enet = ElasticNet(copy_X=True)
    enet.fit(X, y, check_input=check_input)
    assert_array_equal(original_X, X)",feature_request,"Can the function also handle sparse input data, allowing for more efficient processing of large datasets?","This could be achieved by adding support for sparse input data, potentially using the `scipy.sparse` module to handle the sparse matrix operations, and then modifying the function to correctly handle the sparse data structure..",[]
"@ignore_warnings(category=DeprecationWarning)
@pytest.mark.parametrize('metric', PAIRWISE_BOOLEAN_FUNCTIONS)
def test_pairwise_boolean_distance(metric):
    rng = np.random.RandomState(0)
    X = rng.randn(5, 4)
    Y = X.copy()
    Y[0, 0] = 1 - Y[0, 0]
    with ignore_warnings(category=DataConversionWarning):
        for Z in [Y, None]:
            res = pairwise_distances(X, Z, metric=metric)
            np.nan_to_num(res, nan=0, posinf=0, neginf=0, copy=False)
            assert np.sum(res != 0) == 0
    msg = 'Data was converted to boolean for metric %s' % metric
    with pytest.warns(DataConversionWarning, match=msg):
        pairwise_distances(X, metric=metric)
    with pytest.warns(DataConversionWarning, match=msg):
        pairwise_distances(X.astype(bool), Y=Y, metric=metric)
    with warnings.catch_warnings():
        warnings.simplefilter('error', DataConversionWarning)
        pairwise_distances(X.astype(bool), metric=metric)",feature_request,Would it be useful to add an option to specify a custom distance metric function for pairwise distances?,"It would be useful to add an option to specify a custom distance metric function for pairwise distances, as this would provide users with more flexibility and allow them to tailor the function to their specific use case..",[]
"def _available_if_estimator_has(attr):
    """"""Return a function to check if the sub-estimator(s) has(have) `attr`.

    Helper for Chain implementations.
    """"""

    def _check(self):
        if hasattr(self, 'estimators_'):
            return all((hasattr(est, attr) for est in self.estimators_))
        if hasattr(self.estimator, attr):
            return True
        return False
    return available_if(_check)",feature_request,Can the function be used to check if a specific attribute is available in a sub-estimator's parameters?,The function could be modified to.,[]
"@pytest.mark.parametrize('curve_func', CURVE_FUNCS)
def test_binary_clf_curve_zero_sample_weight(curve_func):
    y_true = [0, 0, 1, 1, 1]
    y_score = [0.1, 0.2, 0.3, 0.4, 0.5]
    sample_weight = [1, 1, 1, 0.5, 0]
    result_1 = curve_func(y_true, y_score, sample_weight=sample_weight)
    result_2 = curve_func(y_true[:-1], y_score[:-1], sample_weight=sample_weight[:-1])
    for arr_1, arr_2 in zip(result_1, result_2):
        assert_allclose(arr_1, arr_2)",feature_request,Would it be possible to add a parameter to specify the precision and recall thresholds for calculating the precision-recall curve?,"This feature could be added by introducing a new parameter to specify the precision and recall thresholds, and then modifying the function to calculate the.",[]
"@pytest.mark.parametrize('check_input', [True, False])
def test_enet_copy_X_True(check_input):
    X, y, _, _ = build_dataset()
    X = X.copy(order='F')
    original_X = X.copy()
    enet = ElasticNet(copy_X=True)
    enet.fit(X, y, check_input=check_input)
    assert_array_equal(original_X, X)",bug_report,What could happen if the `check_input` parameter is set to `True` and the input data `X` is a numpy array with a custom dtype??,"The bug could occur because the `copy_X=True` parameter in the `ElasticNet` constructor may not correctly handle custom dtypes, leading to unexpected behavior or errors..",[]
"@ignore_warnings(category=DeprecationWarning)
@pytest.mark.parametrize('metric', PAIRWISE_BOOLEAN_FUNCTIONS)
def test_pairwise_boolean_distance(metric):
    rng = np.random.RandomState(0)
    X = rng.randn(5, 4)
    Y = X.copy()
    Y[0, 0] = 1 - Y[0, 0]
    with ignore_warnings(category=DataConversionWarning):
        for Z in [Y, None]:
            res = pairwise_distances(X, Z, metric=metric)
            np.nan_to_num(res, nan=0, posinf=0, neginf=0, copy=False)
            assert np.sum(res != 0) == 0
    msg = 'Data was converted to boolean for metric %s' % metric
    with pytest.warns(DataConversionWarning, match=msg):
        pairwise_distances(X, metric=metric)
    with pytest.warns(DataConversionWarning, match=msg):
        pairwise_distances(X.astype(bool), Y=Y, metric=metric)
    with warnings.catch_warnings():
        warnings.simplefilter('error', DataConversionWarning)
        pairwise_distances(X.astype(bool), metric=metric)",bug_report,"What could cause the pairwise_distances function to incorrectly convert data to boolean when using a pairwise boolean distance metric, leading to incorrect results?","The pairwise_distances function could incorrectly convert data to boolean when using a pairwise boolean distance metric if the input data is not already in the correct format, such as when the data is not a numpy array or the data contains non-boolean values. This could be fixed by adding input validation to ensure that the input data is in the correct format and that the metric being used is a valid pairwise boolean distance metric..",[]
"def _available_if_estimator_has(attr):
    """"""Return a function to check if the sub-estimator(s) has(have) `attr`.

    Helper for Chain implementations.
    """"""

    def _check(self):
        if hasattr(self, 'estimators_'):
            return all((hasattr(est, attr) for est in self.estimators_))
        if hasattr(self.estimator, attr):
            return True
        return False
    return available_if(_check)",bug_report,What could happen if we pass an object without an 'estimators_' attribute to the function _available_if_estimator_has(attr)?,". The function may throw an AttributeError because it attempts to access the 'estimators_' attribute, which does not exist in the object. This could be fixed by adding a check to ensure that the object has the 'estimators_' attribute before trying to access it. Alternatively, the function could be modified to return False or raise an exception in this case, depending on the desired behavior..",[]
"@pytest.mark.parametrize('curve_func', CURVE_FUNCS)
def test_binary_clf_curve_zero_sample_weight(curve_func):
    y_true = [0, 0, 1, 1, 1]
    y_score = [0.1, 0.2, 0.3, 0.4, 0.5]
    sample_weight = [1, 1, 1, 0.5, 0]
    result_1 = curve_func(y_true, y_score, sample_weight=sample_weight)
    result_2 = curve_func(y_true[:-1], y_score[:-1], sample_weight=sample_weight[:-1])
    for arr_1, arr_2 in zip(result_1, result_2):
        assert_allclose(arr_1, arr_2)",bug_report,What happens when the sample_weight array has a value greater than 1?,"The function may not work as expected because sample weights are typically non-negative, and the function may not be designed to handle weights greater than 1. This could cause unexpected results or.",[]
"@pytest.mark.parametrize('check_input', [True, False])
def test_enet_copy_X_True(check_input):
    X, y, _, _ = build_dataset()
    X = X.copy(order='F')
    original_X = X.copy()
    enet = ElasticNet(copy_X=True)
    enet.fit(X, y, check_input=check_input)
    assert_array_equal(original_X, X)",performance,What is the time complexity of the fit method in this function?,.,[]
"@ignore_warnings(category=DeprecationWarning)
@pytest.mark.parametrize('metric', PAIRWISE_BOOLEAN_FUNCTIONS)
def test_pairwise_boolean_distance(metric):
    rng = np.random.RandomState(0)
    X = rng.randn(5, 4)
    Y = X.copy()
    Y[0, 0] = 1 - Y[0, 0]
    with ignore_warnings(category=DataConversionWarning):
        for Z in [Y, None]:
            res = pairwise_distances(X, Z, metric=metric)
            np.nan_to_num(res, nan=0, posinf=0, neginf=0, copy=False)
            assert np.sum(res != 0) == 0
    msg = 'Data was converted to boolean for metric %s' % metric
    with pytest.warns(DataConversionWarning, match=msg):
        pairwise_distances(X, metric=metric)
    with pytest.warns(DataConversionWarning, match=msg):
        pairwise_distances(X.astype(bool), Y=Y, metric=metric)
    with warnings.catch_warnings():
        warnings.simplefilter('error', DataConversionWarning)
        pairwise_distances(X.astype(bool), metric=metric)",performance,What is the potential performance concern with the pairwise_distances function when dealing with large datasets?,"The pairwise_distances function may have a high time complexity due to its O(n^2) time complexity, where n is the number of samples, especially when dealing with large datasets, which could lead to performance issues. It could be optimized by using a more efficient algorithm, such as using a ball tree or k-d tree for nearest neighbors search, or by using a parallel computing approach..",[]
"def _available_if_estimator_has(attr):
    """"""Return a function to check if the sub-estimator(s) has(have) `attr`.

    Helper for Chain implementations.
    """"""

    def _check(self):
        if hasattr(self, 'estimators_'):
            return all((hasattr(est, attr) for est in self.estimators_))
        if hasattr(self.estimator, attr):
            return True
        return False
    return available_if(_check)",performance,"How does the function handle large datasets, and could it potentially lead to performance issues?","The function iterates over all sub-estimators in `self.estimators_`, which could be inefficient for large datasets. However, it also checks if `self.estimator` has the attribute, which could potentially reduce the number of iterations. This trade-off is a common consideration in implementing chain-like estimators..  # (dot at the end)  # (no space before dot)  # (end of output)  # (no extra space)  # (no.",[]
"@pytest.mark.parametrize('curve_func', CURVE_FUNCS)
def test_binary_clf_curve_zero_sample_weight(curve_func):
    y_true = [0, 0, 1, 1, 1]
    y_score = [0.1, 0.2, 0.3, 0.4, 0.5]
    sample_weight = [1, 1, 1, 0.5, 0]
    result_1 = curve_func(y_true, y_score, sample_weight=sample_weight)
    result_2 = curve_func(y_true[:-1], y_score[:-1], sample_weight=sample_weight[:-1])
    for arr_1, arr_2 in zip(result_1, result_2):
        assert_allclose(arr_1, arr_2)",performance,What is the time complexity of the function?,"The function has a time complexity of O(n), where n is the length of the input arrays, because it iterates over the arrays once for each calculation. This could be optimized by using more efficient algorithms or data structures, but for small to medium-sized datasets,.",[]
"@_fit_context(prefer_skip_nested_validation=True)
def fit(self, raw_documents, y=None):
    """"""Learn vocabulary and idf from training set.

        Parameters
        ----------
        raw_documents : iterable
            An iterable which generates either str, unicode or file objects.

        y : None
            This parameter is not needed to compute tfidf.

        Returns
        -------
        self : object
            Fitted vectorizer.
        """"""
    self._check_params()
    self._warn_for_unused_params()
    self._tfidf = TfidfTransformer(norm=self.norm, use_idf=self.use_idf, smooth_idf=self.smooth_idf, sublinear_tf=self.sublinear_tf)
    X = super().fit_transform(raw_documents)
    self._tfidf.fit(X)
    return self",general,What is the role of the super().fit_transform(raw_documents) method in the fit function?,This method is used to fit and transform the raw documents into a matrix..,[]
"@pytest.mark.parametrize('loss', ('squared_error', 'absolute_error', 'huber'))
@pytest.mark.parametrize('subsample', (1.0, 0.5))
def test_regression_dataset(loss, subsample, global_random_seed):
    ones = np.ones(len(y_reg))
    last_y_pred = None
    for sample_weight in [None, ones, 2 * ones]:
        reg = GradientBoostingRegressor(n_estimators=30, loss=loss, max_depth=4, subsample=subsample, min_samples_split=2, random_state=global_random_seed, learning_rate=0.5)
        reg.fit(X_reg, y_reg, sample_weight=sample_weight)
        leaves = reg.apply(X_reg)
        assert leaves.shape == (100, 30)
        y_pred = reg.predict(X_reg)
        mse = mean_squared_error(y_reg, y_pred)
        assert mse < 0.05
        if last_y_pred is not None:
            pass
        last_y_pred = y_pred",general,What is the purpose of this function?,This function tests the performance of a regression dataset using different loss functions and subsample rates..,[]
"def test_no_collision_on_byte_range():
    previous_hashes = set()
    for i in range(100):
        h = murmurhash3_32(' ' * i, 0)
        assert h not in previous_hashes, 'Found collision on growing empty string'",general,"What is the purpose of the ""test_no_collision_on_byte_range"" function?","This function tests that there are no collisions in the output of the murmurhash3_32 function when applied to a range of strings with increasing length, starting from an empty string, up to a length of 100 bytes..",[]
"@_fit_context(prefer_skip_nested_validation=True)
def fit(self, raw_documents, y=None):
    """"""Learn vocabulary and idf from training set.

        Parameters
        ----------
        raw_documents : iterable
            An iterable which generates either str, unicode or file objects.

        y : None
            This parameter is not needed to compute tfidf.

        Returns
        -------
        self : object
            Fitted vectorizer.
        """"""
    self._check_params()
    self._warn_for_unused_params()
    self._tfidf = TfidfTransformer(norm=self.norm, use_idf=self.use_idf, smooth_idf=self.smooth_idf, sublinear_tf=self.sublinear_tf)
    X = super().fit_transform(raw_documents)
    self._tfidf.fit(X)
    return self",feature_request,Can the fit function support weighted input data?,"This feature could be integrated by modifying the fit function to accept a weight parameter, which would allow users to specify a weight for each input sample. This would enable the vectorizer to perform weighted averaging or weighted sum of the input data, providing more flexibility in data processing..",[]
"@pytest.mark.parametrize('loss', ('squared_error', 'absolute_error', 'huber'))
@pytest.mark.parametrize('subsample', (1.0, 0.5))
def test_regression_dataset(loss, subsample, global_random_seed):
    ones = np.ones(len(y_reg))
    last_y_pred = None
    for sample_weight in [None, ones, 2 * ones]:
        reg = GradientBoostingRegressor(n_estimators=30, loss=loss, max_depth=4, subsample=subsample, min_samples_split=2, random_state=global_random_seed, learning_rate=0.5)
        reg.fit(X_reg, y_reg, sample_weight=sample_weight)
        leaves = reg.apply(X_reg)
        assert leaves.shape == (100, 30)
        y_pred = reg.predict(X_reg)
        mse = mean_squared_error(y_reg, y_pred)
        assert mse < 0.05
        if last_y_pred is not None:
            pass
        last_y_pred = y_pred",feature_request,"Can the function support custom loss functions beyond the three currently implemented (squared_error, absolute_error, huber)?>?","This feature could be integrated by allowing users to pass a custom loss function as an argument, potentially through a callback mechanism. This would enable the function to support a wider range of loss functions, making it more versatile and applicable to a broader range of use cases..",[]
"def _check_multi_class(multi_class, solver, n_classes):
    """"""Computes the multi class type, either ""multinomial"" or ""ovr"".

    For `n_classes` > 2 and a solver that supports it, returns ""multinomial"".
    For all other cases, in particular binary classification, return ""ovr"".
    """"""
    if multi_class == 'auto':
        if solver in ('liblinear',):
            multi_class = 'ovr'
        elif n_classes > 2:
            multi_class = 'multinomial'
        else:
            multi_class = 'ovr'
    if multi_class == 'multinomial' and solver in ('liblinear',):
        raise ValueError('Solver %s does not support a multinomial backend.' % solver)
    return multi_class",feature_request,"What if we want to add a new parameter to the function that allows us to specify a custom threshold for the solver to determine when to use ""multinomial"" or ""ovr""?","This could be achieved by adding a new parameter, say ""threshold"", to the function and modifying the logic to use it when determining the multi class type. This would provide more flexibility to the user and allow them to fine-tune the behavior of the function based on their specific use case..",[]
"def test_no_collision_on_byte_range():
    previous_hashes = set()
    for i in range(100):
        h = murmurhash3_32(' ' * i, 0)
        assert h not in previous_hashes, 'Found collision on growing empty string'",feature_request,"Would it be possible to extend this function to handle strings of varying lengths, including empty strings, and return a custom error message for such cases?","This feature could be integrated by adding input validation and error handling to the function, and returning a custom error message when the input string is empty. This would allow the function to be more flexible and robust, and provide users with clear feedback when they pass invalid input..",[]
"@_fit_context(prefer_skip_nested_validation=True)
def fit(self, raw_documents, y=None):
    """"""Learn vocabulary and idf from training set.

        Parameters
        ----------
        raw_documents : iterable
            An iterable which generates either str, unicode or file objects.

        y : None
            This parameter is not needed to compute tfidf.

        Returns
        -------
        self : object
            Fitted vectorizer.
        """"""
    self._check_params()
    self._warn_for_unused_params()
    self._tfidf = TfidfTransformer(norm=self.norm, use_idf=self.use_idf, smooth_idf=self.smooth_idf, sublinear_tf=self.sublinear_tf)
    X = super().fit_transform(raw_documents)
    self._tfidf.fit(X)
    return self",bug_report,Why does the function use `super().fit_transform(raw_documents)`?,"The function uses `super().fit_transform(raw_documents)` to call the `fit_transform` method from the parent class, which is responsible for fitting the transformer to the raw documents and transforming them into a matrix. This allows the function to leverage the functionality of the parent class and avoid code duplication..",[]
"@pytest.mark.parametrize('loss', ('squared_error', 'absolute_error', 'huber'))
@pytest.mark.parametrize('subsample', (1.0, 0.5))
def test_regression_dataset(loss, subsample, global_random_seed):
    ones = np.ones(len(y_reg))
    last_y_pred = None
    for sample_weight in [None, ones, 2 * ones]:
        reg = GradientBoostingRegressor(n_estimators=30, loss=loss, max_depth=4, subsample=subsample, min_samples_split=2, random_state=global_random_seed, learning_rate=0.5)
        reg.fit(X_reg, y_reg, sample_weight=sample_weight)
        leaves = reg.apply(X_reg)
        assert leaves.shape == (100, 30)
        y_pred = reg.predict(X_reg)
        mse = mean_squared_error(y_reg, y_pred)
        assert mse < 0.05
        if last_y_pred is not None:
            pass
        last_y_pred = y_pred",bug_report,"What could cause the GradientBoostingRegressor to fail when the sample weight is not None, and how could this be fixed?","This could be caused by the sample weights not being properly handled during the training process, potentially leading to biased predictions. This could be fixed by ensuring that the sample weights are correctly propagated through the boosting process, such as by reweighting the samples during each iteration..",[]
"def _check_multi_class(multi_class, solver, n_classes):
    """"""Computes the multi class type, either ""multinomial"" or ""ovr"".

    For `n_classes` > 2 and a solver that supports it, returns ""multinomial"".
    For all other cases, in particular binary classification, return ""ovr"".
    """"""
    if multi_class == 'auto':
        if solver in ('liblinear',):
            multi_class = 'ovr'
        elif n_classes > 2:
            multi_class = 'multinomial'
        else:
            multi_class = 'ovr'
    if multi_class == 'multinomial' and solver in ('liblinear',):
        raise ValueError('Solver %s does not support a multinomial backend.' % solver)
    return multi_class",bug_report,"What happens if the multi_class parameter is set to a value other than 'auto', 'ovr', or'multinomial'?",". The function will return the provided value, but if the solver is not supported for that multi-class type, it will raise a ValueError.",[]
"def test_no_collision_on_byte_range():
    previous_hashes = set()
    for i in range(100):
        h = murmurhash3_32(' ' * i, 0)
        assert h not in previous_hashes, 'Found collision on growing empty string'",bug_report,What could cause the function to fail and report a collision when there is no actual collision in the hash values generated by the murmurhash3_32 function?,"This could be caused by the initial value of the `previous_hashes` set, which is an empty set. If the hash value of the first iteration (`h = murmurhash3_32(''* i, 0)`) happens to be equal to the hash value of a previously generated hash value, the function will incorrectly report a collision. To fix this, the function could be modified to initialize the.",[]
"@_fit_context(prefer_skip_nested_validation=True)
def fit(self, raw_documents, y=None):
    """"""Learn vocabulary and idf from training set.

        Parameters
        ----------
        raw_documents : iterable
            An iterable which generates either str, unicode or file objects.

        y : None
            This parameter is not needed to compute tfidf.

        Returns
        -------
        self : object
            Fitted vectorizer.
        """"""
    self._check_params()
    self._warn_for_unused_params()
    self._tfidf = TfidfTransformer(norm=self.norm, use_idf=self.use_idf, smooth_idf=self.smooth_idf, sublinear_tf=self.sublinear_tf)
    X = super().fit_transform(raw_documents)
    self._tfidf.fit(X)
    return self",performance,Does the fit function have any performance concerns when processing large datasets?,"The function could potentially have performance concerns when processing large datasets due to the use of the `fit_transform` method, which can be computationally expensive. However, the function is optimized by using the `TfidfTransformer` class, which has been implemented to handle large datasets efficiently. The function also uses the `super().fit_transform` method, which is designed to handle large datasets. Therefore, while there may be some performance concerns, the function is well-optimized to handle large datasets..  ######  I hope this meets your requirements! Let me know if.",[]
"@pytest.mark.parametrize('loss', ('squared_error', 'absolute_error', 'huber'))
@pytest.mark.parametrize('subsample', (1.0, 0.5))
def test_regression_dataset(loss, subsample, global_random_seed):
    ones = np.ones(len(y_reg))
    last_y_pred = None
    for sample_weight in [None, ones, 2 * ones]:
        reg = GradientBoostingRegressor(n_estimators=30, loss=loss, max_depth=4, subsample=subsample, min_samples_split=2, random_state=global_random_seed, learning_rate=0.5)
        reg.fit(X_reg, y_reg, sample_weight=sample_weight)
        leaves = reg.apply(X_reg)
        assert leaves.shape == (100, 30)
        y_pred = reg.predict(X_reg)
        mse = mean_squared_error(y_reg, y_pred)
        assert mse < 0.05
        if last_y_pred is not None:
            pass
        last_y_pred = y_pred",performance,"How does the function handle the case where the subsample ratio is very low, potentially leading to a large number of missing values in the predictions?",The function could potentially.,[]
"def _check_multi_class(multi_class, solver, n_classes):
    """"""Computes the multi class type, either ""multinomial"" or ""ovr"".

    For `n_classes` > 2 and a solver that supports it, returns ""multinomial"".
    For all other cases, in particular binary classification, return ""ovr"".
    """"""
    if multi_class == 'auto':
        if solver in ('liblinear',):
            multi_class = 'ovr'
        elif n_classes > 2:
            multi_class = 'multinomial'
        else:
            multi_class = 'ovr'
    if multi_class == 'multinomial' and solver in ('liblinear',):
        raise ValueError('Solver %s does not support a multinomial backend.' % solver)
    return multi_class",performance,Does the function have any performance-related concerns with its current implementation??,"The function could be optimized by reducing the number of conditional statements and using a more efficient way to determine the multi class type, especially for large datasets. However, the current implementation is simple and easy to understand, making it a good trade-off between performance and readability..",[]
"def test_no_collision_on_byte_range():
    previous_hashes = set()
    for i in range(100):
        h = murmurhash3_32(' ' * i, 0)
        assert h not in previous_hashes, 'Found collision on growing empty string'",performance,Does this function have any potential performance concerns?,"The function iterates over a range of 100 and calculates the hash for each iteration, which could be computationally expensive. Additionally, it uses a set to store the previous hashes, which could consume a significant amount of memory if the range is large..",[]
"def test_grid_search_failing_classifier_raise():
    X, y = make_classification(n_samples=20, n_features=10, random_state=0)
    clf = FailingClassifier()
    gs = GridSearchCV(clf, [{'parameter': [0, 1, 2]}], scoring='accuracy', refit=False, error_score='raise')
    with pytest.raises(ValueError):
        gs.fit(X, y)",general,What is the purpose of this function?,"The function is designed to test the grid search cross-validation on a failing classifier and raise an error if the fit is unsuccessful, allowing for error handling and debugging..",[]
"def check_warning():
    clf = RNC(radius=1, outlier_label=4)
    clf.fit(X, y)
    clf.predict_proba([[1], [15]])",general,"What is the purpose of the function ""check_warning""?",It fits a classifier and predicts probabilities for a given input..  (Replace with your answer).,[]
"@ignore_warnings(category=FutureWarning)
def check_transformers_unfitted(name, transformer):
    X, y = _regression_dataset()
    transformer = clone(transformer)
    with raises((AttributeError, ValueError), err_msg=f'The unfitted transformer {name} does not raise an error when transform is called. Perhaps use check_is_fitted in transform.'):
        transformer.transform(X)",general,What is the purpose of the check_transformers_unfitted function?,"This function checks if a transformer is unfitted and raises an error when its transform method is called, indicating that it needs to.",[]
"def test_multi_output_classification_partial_fit_sample_weights():
    Xw = [[1, 2, 3], [4, 5, 6], [1.5, 2.5, 3.5]]
    yw = [[3, 2], [2, 3], [3, 2]]
    w = np.asarray([2.0, 1.0, 1.0])
    sgd_linear_clf = SGDClassifier(random_state=1, max_iter=20)
    clf_w = MultiOutputClassifier(sgd_linear_clf)
    clf_w.fit(Xw, yw, w)
    X = [[1, 2, 3], [1, 2, 3], [4, 5, 6], [1.5, 2.5, 3.5]]
    y = [[3, 2], [3, 2], [2, 3], [3, 2]]
    sgd_linear_clf = SGDClassifier(random_state=1, max_iter=20)
    clf = MultiOutputClassifier(sgd_linear_clf)
    clf.fit(X, y)
    X_test = [[1.5, 2.5, 3.5]]
    assert_array_almost_equal(clf.predict(X_test), clf_w.predict(X_test))",general,How does the test_multi_output_classification_partial_fit_sample_weights function handle sample weights for multi-output classification problems?,The test_multi_output_classification_partial_fit_sample_weights function uses.,[]
"def test_grid_search_failing_classifier_raise():
    X, y = make_classification(n_samples=20, n_features=10, random_state=0)
    clf = FailingClassifier()
    gs = GridSearchCV(clf, [{'parameter': [0, 1, 2]}], scoring='accuracy', refit=False, error_score='raise')
    with pytest.raises(ValueError):
        gs.fit(X, y)",feature_request,"Can the function support more advanced data types, such as categorical or datetime data, in the grid search process?","This could be achieved by adding additional parameters to the GridSearchCV constructor to specify the data types, and then modifying the underlying algorithm to handle these types. This would be useful for users who work with datasets that contain non-numerical data..",[]
"def check_warning():
    clf = RNC(radius=1, outlier_label=4)
    clf.fit(X, y)
    clf.predict_proba([[1], [15]])",feature_request,"Can we add a functionality to the check_warning function to handle multiple warning types, such as different radius and outlier labels?","This could be achieved by modifying the RNC class to accept a list of radius and outlier labels, and then iterating over this list to create multiple RNC objects, each with its own settings. This would allow the function to handle multiple warning types and provide more flexibility in its usage..",[]
"@ignore_warnings(category=FutureWarning)
def check_transformers_unfitted(name, transformer):
    X, y = _regression_dataset()
    transformer = clone(transformer)
    with raises((AttributeError, ValueError), err_msg=f'The unfitted transformer {name} does not raise an error when transform is called. Perhaps use check_is_fitted in transform.'):
        transformer.transform(X)",feature_request,Can we add a feature to check if the transformer is fitted before calling the transform method?,"This could be achieved by adding a check before calling the transform method, using the ""check_is_fitted"" method provided by scikit-learn. This would be useful for ensuring that the transformer is properly fitted before attempting to transform.",[]
"def test_grid_search_failing_classifier_raise():
    X, y = make_classification(n_samples=20, n_features=10, random_state=0)
    clf = FailingClassifier()
    gs = GridSearchCV(clf, [{'parameter': [0, 1, 2]}], scoring='accuracy', refit=False, error_score='raise')
    with pytest.raises(ValueError):
        gs.fit(X, y)",bug_report,What could be the reason for the ValueError raised when fitting the GridSearchCV object with the provided parameters and data?,"The error could be due to the fact that the GridSearchCV object is set to raise an error when the score is undefined for the given parameters, and the provided parameters might not be valid for the FailingClassifier. To fix this, the parameters could be validated before fitting the GridSearchCV object, or the error score could be set to a default value that does not raise an error..",[]
"@ignore_warnings(category=FutureWarning)
def check_transformers_unfitted(name, transformer):
    X, y = _regression_dataset()
    transformer = clone(transformer)
    with raises((AttributeError, ValueError), err_msg=f'The unfitted transformer {name} does not raise an error when transform is called. Perhaps use check_is_fitted in transform.'):
        transformer.transform(X)",bug_report,What would be the effect of removing the `@ignore_warnings(category=FutureWarning)` decorator from the function `check_transformers_unfitted`?,The.,[]
"def test_multi_output_classification_partial_fit_sample_weights():
    Xw = [[1, 2, 3], [4, 5, 6], [1.5, 2.5, 3.5]]
    yw = [[3, 2], [2, 3], [3, 2]]
    w = np.asarray([2.0, 1.0, 1.0])
    sgd_linear_clf = SGDClassifier(random_state=1, max_iter=20)
    clf_w = MultiOutputClassifier(sgd_linear_clf)
    clf_w.fit(Xw, yw, w)
    X = [[1, 2, 3], [1, 2, 3], [4, 5, 6], [1.5, 2.5, 3.5]]
    y = [[3, 2], [3, 2], [2, 3], [3, 2]]
    sgd_linear_clf = SGDClassifier(random_state=1, max_iter=20)
    clf = MultiOutputClassifier(sgd_linear_clf)
    clf.fit(X, y)
    X_test = [[1.5, 2.5, 3.5]]
    assert_array_almost_equal(clf.predict(X_test), clf_w.predict(X_test))",bug_report,Why does the function fail to produce the expected output when the input data has sample weights?,"The function fails because the sample weights are not properly propagated through the MultiOutputClassifier and the SGDClassifier. This can be fixed by passing the sample weights to the fit method of the MultiOutputClassifier and the SGDClassifier. The sample weights should be passed as a 2D array with shape (n_samples, n_outputs) where n_samples is the number of samples and n_outputs is the number of outputs. The sample weights for each output should be stored in the same position as the corresponding output in the target array. For example, if the target array is a 2D array with shape (.",[]
"def test_grid_search_failing_classifier_raise():
    X, y = make_classification(n_samples=20, n_features=10, random_state=0)
    clf = FailingClassifier()
    gs = GridSearchCV(clf, [{'parameter': [0, 1, 2]}], scoring='accuracy', refit=False, error_score='raise')
    with pytest.raises(ValueError):
        gs.fit(X, y)",performance,Why does the GridSearchCV algorithm raise an error when fitting?,.  (Wait for the output to appear...).,[]
"def check_warning():
    clf = RNC(radius=1, outlier_label=4)
    clf.fit(X, y)
    clf.predict_proba([[1], [15]])",performance,What could be the impact on performance if the dataset size increases significantly?,"As the dataset size grows, the function's memory usage could become a concern due to the need to store the entire dataset in memory. Additionally, the RNC algorithm's time complexity could lead to slower performance. To mitigate this, consider using a streaming algorithm or a more efficient outlier detection method..",[]
"@ignore_warnings(category=FutureWarning)
def check_transformers_unfitted(name, transformer):
    X, y = _regression_dataset()
    transformer = clone(transformer)
    with raises((AttributeError, ValueError), err_msg=f'The unfitted transformer {name} does not raise an error when transform is called. Perhaps use check_is_fitted in transform.'):
        transformer.transform(X)",performance,Does the function's use of clone() method to create a copy of the transformer affect its performance?,"The clone() method is used to ensure that the transformer is not modified in place, which can help with debugging and testing. However, it may also.",[]
"def test_multi_output_classification_partial_fit_sample_weights():
    Xw = [[1, 2, 3], [4, 5, 6], [1.5, 2.5, 3.5]]
    yw = [[3, 2], [2, 3], [3, 2]]
    w = np.asarray([2.0, 1.0, 1.0])
    sgd_linear_clf = SGDClassifier(random_state=1, max_iter=20)
    clf_w = MultiOutputClassifier(sgd_linear_clf)
    clf_w.fit(Xw, yw, w)
    X = [[1, 2, 3], [1, 2, 3], [4, 5, 6], [1.5, 2.5, 3.5]]
    y = [[3, 2], [3, 2], [2, 3], [3, 2]]
    sgd_linear_clf = SGDClassifier(random_state=1, max_iter=20)
    clf = MultiOutputClassifier(sgd_linear_clf)
    clf.fit(X, y)
    X_test = [[1.5, 2.5, 3.5]]
    assert_array_almost_equal(clf.predict(X_test), clf_w.predict(X_test))",performance,What is the potential memory usage concern when calling the fit method with large datasets?,"The fit method stores the training data in memory, which can lead to high memory usage for large datasets. To mitigate this, the function could be modified to use a streaming approach or implement a memory-efficient algorithm..",[]
"def __sklearn_tags__(self):
    tags = super().__sklearn_tags__()
    tags.transformer_tags.preserves_dtype = ['float64', 'float32']
    return tags",general,What is the purpose of the `__sklearn_tags__` function in this code?,"The purpose of the `__sklearn_tags__` function is to customize the tags for a transformer in scikit-learn, specifically setting the `preserves_dtype` attribute to `['float64', 'float32']`..",[]
"@pytest.mark.parametrize('csr_container', CSR_CONTAINERS)
def test_mean_variance_illegal_axis(csr_container):
    X, _ = make_classification(5, 4, random_state=0)
    X[0, 0] = 0
    X[2, 1] = 0
    X[4, 3] = 0
    X_csr = csr_container(X)
    with pytest.raises(ValueError):
        mean_variance_axis(X_csr, axis=-3)
    with pytest.raises(ValueError):
        mean_variance_axis(X_csr, axis=2)
    with pytest.raises(ValueError):
        mean_variance_axis(X_csr, axis=-1)
    with pytest.raises(ValueError):
        incr_mean_variance_axis(X_csr, axis=-3, last_mean=None, last_var=None, last_n=None)
    with pytest.raises(ValueError):
        incr_mean_variance_axis(X_csr, axis=2, last_mean=None, last_var=None, last_n=None)
    with pytest.raises(ValueError):
        incr_mean_variance_axis(X_csr, axis=-1, last_mean=None, last_var=None, last_n=None)",general,What does the `test_mean_variance_illegal_axis` function do?,This function tests the handling of illegal axes in the `mean_variance_axis` and `incr_mean_variance_axis` functions..,[]
"def test_set_random_states():
    _set_random_states(LinearDiscriminantAnalysis(), random_state=17)
    clf1 = Perceptron(random_state=None)
    assert clf1.random_state is None
    _set_random_states(clf1, None)
    assert isinstance(clf1.random_state, int)
    _set_random_states(clf1, 3)
    assert isinstance(clf1.random_state, int)
    clf2 = Perceptron(random_state=None)
    _set_random_states(clf2, 3)
    assert clf1.random_state == clf2.random_state

    def make_steps():
        return [('sel', SelectFromModel(Perceptron(random_state=None))), ('clf', Perceptron(random_state=None))]
    est1 = Pipeline(make_steps())
    _set_random_states(est1, 3)
    assert isinstance(est1.steps[0][1].estimator.random_state, int)
    assert isinstance(est1.steps[1][1].random_state, int)
    assert est1.get_params()['sel__estimator__random_state'] != est1.get_params()['clf__random_state']

    class AlphaParamPipeline(Pipeline):

        def get_params(self, *args, **kwargs):
            params = Pipeline.get_params(self, *args, **kwargs).items()
            return OrderedDict(sorted(params))

    class RevParamPipeline(Pipeline):

        def get_params(self, *args, **kwargs):
            params = Pipeline.get_params(self, *args, **kwargs).items()
            return OrderedDict(sorted(params, reverse=True))
    for cls in [AlphaParamPipeline, RevParamPipeline]:
        est2 = cls(make_steps())
        _set_random_states(est2, 3)
        assert est1.get_params()['sel__estimator__random_state'] == est2.get_params()['sel__estimator__random_state']
        assert est1.get_params()['clf__random_state'] == est2.get_params()['clf__random_state']",general,What is the primary function of the `_set_random_states` helper function in the `test_set_random_states` function?,.  (Please fill in your answer).,[]
"@pytest.mark.parametrize('interval_type', [Integral, Real])
def test_interval_range(interval_type):
    """"""Check the range of values depending on closed.""""""
    interval = Interval(interval_type, -2, 2, closed='left')
    assert -2 in interval
    assert 2 not in interval
    interval = Interval(interval_type, -2, 2, closed='right')
    assert -2 not in interval
    assert 2 in interval
    interval = Interval(interval_type, -2, 2, closed='both')
    assert -2 in interval
    assert 2 in interval
    interval = Interval(interval_type, -2, 2, closed='neither')
    assert -2 not in interval
    assert 2 not in interval",general,What is the purpose of the test_interval_range function?,The purpose of the test_interval_range function is to check the range of values depending on the closed parameter in the Interval class..  (Please fill in the answers)  (Please fill in the answers)  (Please fill in the answers)  (Please fill in the answers)  (Please fill in the answers)  (Please fill in the answers)  (Please fill in the answers)  (Please fill in the answers)  (Please fill in the answers)  (Please fill in the answers)  (Please fill in the answers)  (Please fill in the answers)  (Please fill in the answers.,[]
"def __sklearn_tags__(self):
    tags = super().__sklearn_tags__()
    tags.transformer_tags.preserves_dtype = ['float64', 'float32']
    return tags",feature_request,Could we add a parameter to the __sklearn_tags__ function to allow users to specify custom data types for transformer tags?,"This feature would be useful for users who need to work with specific data types that are not currently supported by the function, such as 'int64' or 'complex128'. The parameter could be added as an optional argument, and the function would then use this value to update the transformer tags accordingly..",[]
"@pytest.mark.parametrize('csr_container', CSR_CONTAINERS)
def test_mean_variance_illegal_axis(csr_container):
    X, _ = make_classification(5, 4, random_state=0)
    X[0, 0] = 0
    X[2, 1] = 0
    X[4, 3] = 0
    X_csr = csr_container(X)
    with pytest.raises(ValueError):
        mean_variance_axis(X_csr, axis=-3)
    with pytest.raises(ValueError):
        mean_variance_axis(X_csr, axis=2)
    with pytest.raises(ValueError):
        mean_variance_axis(X_csr, axis=-1)
    with pytest.raises(ValueError):
        incr_mean_variance_axis(X_csr, axis=-3, last_mean=None, last_var=None, last_n=None)
    with pytest.raises(ValueError):
        incr_mean_variance_axis(X_csr, axis=2, last_mean=None, last_var=None, last_n=None)
    with pytest.raises(ValueError):
        incr_mean_variance_axis(X_csr, axis=-1, last_mean=None, last_var=None, last_n=None)",feature_request,Can we add support for computing mean and variance along a specified axis when the input is a sparse matrix?,"This feature would be useful for users who work with large datasets and need to compute summary statistics along specific axes. The feature could be integrated by modifying the existing function to accept an optional `axis` parameter, which would default to 0 (the first axis) if not provided. The function would then use the `csr_matrix` method to compute the mean and variance along the specified axis. This would allow users to specify which axis to compute the summary statistics along, making the function more flexible and useful for a wider range of applications..",[]
"def test_set_random_states():
    _set_random_states(LinearDiscriminantAnalysis(), random_state=17)
    clf1 = Perceptron(random_state=None)
    assert clf1.random_state is None
    _set_random_states(clf1, None)
    assert isinstance(clf1.random_state, int)
    _set_random_states(clf1, 3)
    assert isinstance(clf1.random_state, int)
    clf2 = Perceptron(random_state=None)
    _set_random_states(clf2, 3)
    assert clf1.random_state == clf2.random_state

    def make_steps():
        return [('sel', SelectFromModel(Perceptron(random_state=None))), ('clf', Perceptron(random_state=None))]
    est1 = Pipeline(make_steps())
    _set_random_states(est1, 3)
    assert isinstance(est1.steps[0][1].estimator.random_state, int)
    assert isinstance(est1.steps[1][1].random_state, int)
    assert est1.get_params()['sel__estimator__random_state'] != est1.get_params()['clf__random_state']

    class AlphaParamPipeline(Pipeline):

        def get_params(self, *args, **kwargs):
            params = Pipeline.get_params(self, *args, **kwargs).items()
            return OrderedDict(sorted(params))

    class RevParamPipeline(Pipeline):

        def get_params(self, *args, **kwargs):
            params = Pipeline.get_params(self, *args, **kwargs).items()
            return OrderedDict(sorted(params, reverse=True))
    for cls in [AlphaParamPipeline, RevParamPipeline]:
        est2 = cls(make_steps())
        _set_random_states(est2, 3)
        assert est1.get_params()['sel__estimator__random_state'] == est2.get_params()['sel__estimator__random_state']
        assert est1.get_params()['clf__random_state'] == est2.get_params()['clf__random_state']",feature_request,"Could the function be modified to allow for setting a custom random state for the entire pipeline, not just individual components?","Yes, the function could be modified to allow for setting a custom random state for the entire pipeline by adding an optional parameter to the function, which would be passed to the random state setter of each component in the pipeline. This would provide more flexibility and control over the random state of the entire pipeline, making it easier to reproduce results..  Please note that the new feature may require adjustments in the function code to ensure that all components in the pipeline are properly updated with the new random state.  Also.",[]
"@pytest.mark.parametrize('interval_type', [Integral, Real])
def test_interval_range(interval_type):
    """"""Check the range of values depending on closed.""""""
    interval = Interval(interval_type, -2, 2, closed='left')
    assert -2 in interval
    assert 2 not in interval
    interval = Interval(interval_type, -2, 2, closed='right')
    assert -2 not in interval
    assert 2 in interval
    interval = Interval(interval_type, -2, 2, closed='both')
    assert -2 in interval
    assert 2 in interval
    interval = Interval(interval_type, -2, 2, closed='neither')
    assert -2 not in interval
    assert 2 not in interval",feature_request,"** Can we add a feature to specify a custom endpoint value for the interval, in addition to the standard left, right, or both options?","** This feature would be useful for more advanced interval arithmetic operations, allowing users to specify a custom endpoint value that can be used in conjunction with the standard closed options. The feature could be integrated by adding a new parameter to the Interval constructor, such as `endpoint`, which would allow users to specify the custom endpoint value. This would provide more flexibility and versatility in the use cases for the Interval class..",[]
"def __sklearn_tags__(self):
    tags = super().__sklearn_tags__()
    tags.transformer_tags.preserves_dtype = ['float64', 'float32']
    return tags",bug_report,"Can the function handle nested dictionaries in the `transformer_tags` dictionary, or will it fail with a TypeError?",The function may fail with a TypeError if the `.,[]
"@pytest.mark.parametrize('csr_container', CSR_CONTAINERS)
def test_mean_variance_illegal_axis(csr_container):
    X, _ = make_classification(5, 4, random_state=0)
    X[0, 0] = 0
    X[2, 1] = 0
    X[4, 3] = 0
    X_csr = csr_container(X)
    with pytest.raises(ValueError):
        mean_variance_axis(X_csr, axis=-3)
    with pytest.raises(ValueError):
        mean_variance_axis(X_csr, axis=2)
    with pytest.raises(ValueError):
        mean_variance_axis(X_csr, axis=-1)
    with pytest.raises(ValueError):
        incr_mean_variance_axis(X_csr, axis=-3, last_mean=None, last_var=None, last_n=None)
    with pytest.raises(ValueError):
        incr_mean_variance_axis(X_csr, axis=2, last_mean=None, last_var=None, last_n=None)
    with pytest.raises(ValueError):
        incr_mean_variance_axis(X_csr, axis=-1, last_mean=None, last_var=None, last_n=None)",bug_report,Why does the function fail when given an axis value greater than the number of features?,Not enough information.,[]
"def test_set_random_states():
    _set_random_states(LinearDiscriminantAnalysis(), random_state=17)
    clf1 = Perceptron(random_state=None)
    assert clf1.random_state is None
    _set_random_states(clf1, None)
    assert isinstance(clf1.random_state, int)
    _set_random_states(clf1, 3)
    assert isinstance(clf1.random_state, int)
    clf2 = Perceptron(random_state=None)
    _set_random_states(clf2, 3)
    assert clf1.random_state == clf2.random_state

    def make_steps():
        return [('sel', SelectFromModel(Perceptron(random_state=None))), ('clf', Perceptron(random_state=None))]
    est1 = Pipeline(make_steps())
    _set_random_states(est1, 3)
    assert isinstance(est1.steps[0][1].estimator.random_state, int)
    assert isinstance(est1.steps[1][1].random_state, int)
    assert est1.get_params()['sel__estimator__random_state'] != est1.get_params()['clf__random_state']

    class AlphaParamPipeline(Pipeline):

        def get_params(self, *args, **kwargs):
            params = Pipeline.get_params(self, *args, **kwargs).items()
            return OrderedDict(sorted(params))

    class RevParamPipeline(Pipeline):

        def get_params(self, *args, **kwargs):
            params = Pipeline.get_params(self, *args, **kwargs).items()
            return OrderedDict(sorted(params, reverse=True))
    for cls in [AlphaParamPipeline, RevParamPipeline]:
        est2 = cls(make_steps())
        _set_random_states(est2, 3)
        assert est1.get_params()['sel__estimator__random_state'] == est2.get_params()['sel__estimator__random_state']
        assert est1.get_params()['clf__random_state'] == est2.get_params()['clf__random_state']",bug_report,"What happens when we call `_set_random_states(clf1, None)` and then `assert clf1.random_state is None` in the function `test_set_random_states()`?","The test is expected to pass, as `_set_random_states()` correctly sets `clf1.random_state` to `None`. The function should handle the `None` value correctly and update the `random_state` attribute accordingly..",[]
"@pytest.mark.parametrize('interval_type', [Integral, Real])
def test_interval_range(interval_type):
    """"""Check the range of values depending on closed.""""""
    interval = Interval(interval_type, -2, 2, closed='left')
    assert -2 in interval
    assert 2 not in interval
    interval = Interval(interval_type, -2, 2, closed='right')
    assert -2 not in interval
    assert 2 in interval
    interval = Interval(interval_type, -2, 2, closed='both')
    assert -2 in interval
    assert 2 in interval
    interval = Interval(interval_type, -2, 2, closed='neither')
    assert -2 not in interval
    assert 2 not in interval",bug_report,"What if the 'interval_type' parameter is not one of the supported types, Integral or Real?",". The function should raise a TypeError in this case, as.",[]
"def __sklearn_tags__(self):
    tags = super().__sklearn_tags__()
    tags.transformer_tags.preserves_dtype = ['float64', 'float32']
    return tags",performance,"Does the function's use of `super().__sklearn_tags__()` potentially lead to performance issues, considering the need to recursively call the method?","The function's use of `super().__sklearn_tags__()` might lead to performance issues due to the recursive method calls, which could result in increased memory usage and slower execution times. However, this approach is likely necessary to ensure proper inheritance and method overriding in the class hierarchy. To optimize performance, the function could be modified to use a more efficient method for retrieving the tags, such as caching the result or using a more direct approach to retrieve the necessary information..",[]
"@pytest.mark.parametrize('csr_container', CSR_CONTAINERS)
def test_mean_variance_illegal_axis(csr_container):
    X, _ = make_classification(5, 4, random_state=0)
    X[0, 0] = 0
    X[2, 1] = 0
    X[4, 3] = 0
    X_csr = csr_container(X)
    with pytest.raises(ValueError):
        mean_variance_axis(X_csr, axis=-3)
    with pytest.raises(ValueError):
        mean_variance_axis(X_csr, axis=2)
    with pytest.raises(ValueError):
        mean_variance_axis(X_csr, axis=-1)
    with pytest.raises(ValueError):
        incr_mean_variance_axis(X_csr, axis=-3, last_mean=None, last_var=None, last_n=None)
    with pytest.raises(ValueError):
        incr_mean_variance_axis(X_csr, axis=2, last_mean=None, last_var=None, last_n=None)
    with pytest.raises(ValueError):
        incr_mean_variance_axis(X_csr, axis=-1, last_mean=None, last_var=None, last_n=None)",performance,Can the function be optimized to reduce the time complexity of the `mean_variance_axis` and `incr_mean_variance_axis` functions when dealing with large datasets?,"The function could be optimized by implementing a more efficient algorithm for calculating the mean and variance, such as using a moving average or a rolling sum, and by reducing the number of unnecessary calculations. Additionally, the function could be parallelized to take advantage of multiple CPU cores, which could significantly improve the performance for large datasets. However, this would also increase the memory usage and complexity of the function..",[]
"def test_set_random_states():
    _set_random_states(LinearDiscriminantAnalysis(), random_state=17)
    clf1 = Perceptron(random_state=None)
    assert clf1.random_state is None
    _set_random_states(clf1, None)
    assert isinstance(clf1.random_state, int)
    _set_random_states(clf1, 3)
    assert isinstance(clf1.random_state, int)
    clf2 = Perceptron(random_state=None)
    _set_random_states(clf2, 3)
    assert clf1.random_state == clf2.random_state

    def make_steps():
        return [('sel', SelectFromModel(Perceptron(random_state=None))), ('clf', Perceptron(random_state=None))]
    est1 = Pipeline(make_steps())
    _set_random_states(est1, 3)
    assert isinstance(est1.steps[0][1].estimator.random_state, int)
    assert isinstance(est1.steps[1][1].random_state, int)
    assert est1.get_params()['sel__estimator__random_state'] != est1.get_params()['clf__random_state']

    class AlphaParamPipeline(Pipeline):

        def get_params(self, *args, **kwargs):
            params = Pipeline.get_params(self, *args, **kwargs).items()
            return OrderedDict(sorted(params))

    class RevParamPipeline(Pipeline):

        def get_params(self, *args, **kwargs):
            params = Pipeline.get_params(self, *args, **kwargs).items()
            return OrderedDict(sorted(params, reverse=True))
    for cls in [AlphaParamPipeline, RevParamPipeline]:
        est2 = cls(make_steps())
        _set_random_states(est2, 3)
        assert est1.get_params()['sel__estimator__random_state'] == est2.get_params()['sel__estimator__random_state']
        assert est1.get_params()['clf__random_state'] == est2.get_params()['clf__random_state']",performance,Can the function be optimized to reduce its memory usage when dealing with large datasets?,"The function could be optimized by using a more memory-efficient algorithm for setting random states, such as using a hash table to store and retrieve random states. This would reduce the memory usage and improve the performance of the function..  (Note: The function code is not included in the response.)  (Note: The function code is not included in the response.)  (Note: The function code is not included in the response.)  (Note: The function code is not.",[]
"@pytest.mark.parametrize('interval_type', [Integral, Real])
def test_interval_range(interval_type):
    """"""Check the range of values depending on closed.""""""
    interval = Interval(interval_type, -2, 2, closed='left')
    assert -2 in interval
    assert 2 not in interval
    interval = Interval(interval_type, -2, 2, closed='right')
    assert -2 not in interval
    assert 2 in interval
    interval = Interval(interval_type, -2, 2, closed='both')
    assert -2 in interval
    assert 2 in interval
    interval = Interval(interval_type, -2, 2, closed='neither')
    assert -2 not in interval
    assert 2 not in interval",performance,"Could the function be optimized by reusing the interval object after it's been created, or would this lead to unexpected behavior?",Reusing the interval object could potentially lead to unexpected behavior if the object is modified or used in a way that's not intended.,[]
"@pytest.mark.parametrize('name', SPARSE_TREES)
@pytest.mark.parametrize('csc_container', CSC_CONTAINERS)
def test_min_weight_fraction_leaf_on_sparse_input(name, csc_container):
    check_min_weight_fraction_leaf(name, 'multilabel', sparse_container=csc_container)",general,What is the purpose of the test_min_weight_fraction_leaf_on_sparse_input function?,It tests the min_weight_fraction_leaf function on sparse input..,[]
"def test_get_chunk_n_rows_warns():
    """"""Check that warning is raised when working_memory is too low.""""""
    row_bytes = 1024 * 1024 + 1
    max_n_rows = None
    working_memory = 1
    expected = 1
    warn_msg = 'Could not adhere to working_memory config. Currently 1MiB, 2MiB required.'
    with pytest.warns(UserWarning, match=warn_msg):
        actual = get_chunk_n_rows(row_bytes=row_bytes, max_n_rows=max_n_rows, working_memory=working_memory)
    assert actual == expected
    assert type(actual) is type(expected)
    with config_context(working_memory=working_memory):
        with pytest.warns(UserWarning, match=warn_msg):
            actual = get_chunk_n_rows(row_bytes=row_bytes, max_n_rows=max_n_rows)
        assert actual == expected
        assert type(actual) is type(expected)",general,What is the purpose of the test_get_chunk_n_rows_warns function?,"This function checks that a warning is raised when the working memory is too low for a given chunk size and maximum number of rows, and ensures that the correct number of rows is returned in such a situation....  ### End of Output.",[]
"def test_lasso_cv():
    X, y, X_test, y_test = build_dataset()
    max_iter = 150
    clf = LassoCV(alphas=10, eps=0.001, max_iter=max_iter, cv=3).fit(X, y)
    assert_almost_equal(clf.alpha_, 0.056, 2)
    clf = LassoCV(alphas=10, eps=0.001, max_iter=max_iter, precompute=True, cv=3)
    clf.fit(X, y)
    assert_almost_equal(clf.alpha_, 0.056, 2)
    lars = LassoLarsCV(max_iter=30, cv=3).fit(X, y)
    assert np.abs(np.searchsorted(clf.alphas_[::-1], lars.alpha_) - np.searchsorted(clf.alphas_[::-1], clf.alpha_)) <= 1
    mse_lars = interpolate.interp1d(lars.cv_alphas_, lars.mse_path_.T)
    assert_allclose(mse_lars(clf.alphas_[5]).mean(), clf.mse_path_[5].mean(), rtol=0.01)
    assert clf.score(X_test, y_test) > 0.99",general,What is the purpose of the test_lasso_cv function?,The test_lasso_cv function is used to evaluate and compare the performance of Lasso regression with cross-validation and different hyperparameters for optimal model selection.,[]
"@pytest.mark.parametrize('tree_type, criterion', list(product([tree for tree in SPARSE_TREES if tree in REG_TREES], REG_CRITERIONS)) + list(product([tree for tree in SPARSE_TREES if tree in CLF_TREES], CLF_CRITERIONS)))
@pytest.mark.parametrize('dataset', ['sparse-pos', 'sparse-neg', 'sparse-mix', 'zeros'])
@pytest.mark.parametrize('csc_container', CSC_CONTAINERS)
def test_sparse_criteria(tree_type, dataset, csc_container, criterion):
    TreeEstimator = ALL_TREES[tree_type]
    X = DATASETS[dataset]['X']
    X_sparse = csc_container(X)
    y = DATASETS[dataset]['y']
    d = TreeEstimator(random_state=0, max_depth=3, criterion=criterion).fit(X, y)
    s = TreeEstimator(random_state=0, max_depth=3, criterion=criterion).fit(X_sparse, y)
    assert_tree_equal(d.tree_, s.tree_, '{0} with dense and sparse format gave different trees'.format(tree_type))
    assert_array_almost_equal(s.predict(X), d.predict(X))",general,What is the purpose of the test_sparse_criteria function?,"The purpose of the test_sparse_criteria function is to test the consistency of decision trees trained on dense and sparse data formats for a given tree type and criterion, by comparing the trees and the predictions made by the dense and sparse versions of the tree estimator..",[]
"@pytest.mark.parametrize('name', SPARSE_TREES)
@pytest.mark.parametrize('csc_container', CSC_CONTAINERS)
def test_min_weight_fraction_leaf_on_sparse_input(name, csc_container):
    check_min_weight_fraction_leaf(name, 'multilabel', sparse_container=csc_container)",feature_request,Could the function be modified to handle input arrays with both sparse and dense elements?,"This feature could be integrated by adding a check to determine the type of each element in the input array, and then applying the existing functionality for sparse and dense arrays accordingly. This would be useful for users who work with mixed-type data and want to take advantage of the efficiency of sparse arrays for certain parts of their data..  ###### 0 points (0%) ###### 0 points (0%) ###### 0 points (0%) ###### 0 points (0%) ###### 0 points (0%) ###### 0 points (0%) ###### 0 points.",[]
"def test_get_chunk_n_rows_warns():
    """"""Check that warning is raised when working_memory is too low.""""""
    row_bytes = 1024 * 1024 + 1
    max_n_rows = None
    working_memory = 1
    expected = 1
    warn_msg = 'Could not adhere to working_memory config. Currently 1MiB, 2MiB required.'
    with pytest.warns(UserWarning, match=warn_msg):
        actual = get_chunk_n_rows(row_bytes=row_bytes, max_n_rows=max_n_rows, working_memory=working_memory)
    assert actual == expected
    assert type(actual) is type(expected)
    with config_context(working_memory=working_memory):
        with pytest.warns(UserWarning, match=warn_msg):
            actual = get_chunk_n_rows(row_bytes=row_bytes, max_n_rows=max_n_rows)
        assert actual == expected
        assert type(actual) is type(expected)",feature_request,Can we add a parameter to specify the minimum chunk size for efficient memory usage when working with large datasets?,"That's a great idea! The feature could be implemented by adding a `min_chunk_size` parameter to the function, which would allow users to specify the minimum chunk size for efficient memory usage. This would be particularly useful when working with large datasets, as it would enable users to fine-tune the memory usage to their specific needs..  Please let me know if this meets your requirements!.",[]
"def test_lasso_cv():
    X, y, X_test, y_test = build_dataset()
    max_iter = 150
    clf = LassoCV(alphas=10, eps=0.001, max_iter=max_iter, cv=3).fit(X, y)
    assert_almost_equal(clf.alpha_, 0.056, 2)
    clf = LassoCV(alphas=10, eps=0.001, max_iter=max_iter, precompute=True, cv=3)
    clf.fit(X, y)
    assert_almost_equal(clf.alpha_, 0.056, 2)
    lars = LassoLarsCV(max_iter=30, cv=3).fit(X, y)
    assert np.abs(np.searchsorted(clf.alphas_[::-1], lars.alpha_) - np.searchsorted(clf.alphas_[::-1], clf.alpha_)) <= 1
    mse_lars = interpolate.interp1d(lars.cv_alphas_, lars.mse_path_.T)
    assert_allclose(mse_lars(clf.alphas_[5]).mean(), clf.mse_path_[5].mean(), rtol=0.01)
    assert clf.score(X_test, y_test) > 0.99",feature_request,"Can we add a method to the LassoCV class to calculate the optimal regularization parameter for a specific dataset, similar to the existing method for LassoLarsCV?","This could be achieved by implementing a new method within the LassoCV class that uses the cross-validation technique to determine the optimal regularization parameter, similar to the existing method in LassoLarsCV. This would allow users to easily calculate the optimal regularization parameter for their specific dataset, which could be useful for model selection and hyperparameter tuning..",[]
"@pytest.mark.parametrize('tree_type, criterion', list(product([tree for tree in SPARSE_TREES if tree in REG_TREES], REG_CRITERIONS)) + list(product([tree for tree in SPARSE_TREES if tree in CLF_TREES], CLF_CRITERIONS)))
@pytest.mark.parametrize('dataset', ['sparse-pos', 'sparse-neg', 'sparse-mix', 'zeros'])
@pytest.mark.parametrize('csc_container', CSC_CONTAINERS)
def test_sparse_criteria(tree_type, dataset, csc_container, criterion):
    TreeEstimator = ALL_TREES[tree_type]
    X = DATASETS[dataset]['X']
    X_sparse = csc_container(X)
    y = DATASETS[dataset]['y']
    d = TreeEstimator(random_state=0, max_depth=3, criterion=criterion).fit(X, y)
    s = TreeEstimator(random_state=0, max_depth=3, criterion=criterion).fit(X_sparse, y)
    assert_tree_equal(d.tree_, s.tree_, '{0} with dense and sparse format gave different trees'.format(tree_type))
    assert_array_almost_equal(s.predict(X), d.predict(X))",feature_request,Could the function be modified to allow for custom criterion functions to be passed in?,"The function could be modified to accept a custom criterion function as an argument, which would be evaluated during the tree construction process. This would be useful for users who have specific loss functions or evaluation metrics that they want to use for their trees..",[]
"def test_get_chunk_n_rows_warns():
    """"""Check that warning is raised when working_memory is too low.""""""
    row_bytes = 1024 * 1024 + 1
    max_n_rows = None
    working_memory = 1
    expected = 1
    warn_msg = 'Could not adhere to working_memory config. Currently 1MiB, 2MiB required.'
    with pytest.warns(UserWarning, match=warn_msg):
        actual = get_chunk_n_rows(row_bytes=row_bytes, max_n_rows=max_n_rows, working_memory=working_memory)
    assert actual == expected
    assert type(actual) is type(expected)
    with config_context(working_memory=working_memory):
        with pytest.warns(UserWarning, match=warn_msg):
            actual = get_chunk_n_rows(row_bytes=row_bytes, max_n_rows=max_n_rows)
        assert actual == expected
        assert type(actual) is type(expected)",bug_report,"What happens if the working_memory is set to a very low value, such as 0.1, and the row_bytes are large, causing the function to fail to adhere to the working_memory config?",". The function will raise a UserWarning with a message indicating that it could not adhere to the working_memory config, and the actual number of rows will be set to the expected value, which is 1 in this case. The type of the actual value will also match the expected type. This behavior is expected because the function is designed to warn the user when the working_memory is too low, rather than failing silently. The.",[]
"def test_lasso_cv():
    X, y, X_test, y_test = build_dataset()
    max_iter = 150
    clf = LassoCV(alphas=10, eps=0.001, max_iter=max_iter, cv=3).fit(X, y)
    assert_almost_equal(clf.alpha_, 0.056, 2)
    clf = LassoCV(alphas=10, eps=0.001, max_iter=max_iter, precompute=True, cv=3)
    clf.fit(X, y)
    assert_almost_equal(clf.alpha_, 0.056, 2)
    lars = LassoLarsCV(max_iter=30, cv=3).fit(X, y)
    assert np.abs(np.searchsorted(clf.alphas_[::-1], lars.alpha_) - np.searchsorted(clf.alphas_[::-1], clf.alpha_)) <= 1
    mse_lars = interpolate.interp1d(lars.cv_alphas_, lars.mse_path_.T)
    assert_allclose(mse_lars(clf.alphas_[5]).mean(), clf.mse_path_[5].mean(), rtol=0.01)
    assert clf.score(X_test, y_test) > 0.99",bug_report,Why does the function fail when using LassoLarsCV with max_iter=30?,"The function could fail when using LassoLarsCV with max_iter=30 if the maximum iteration limit is not sufficient for the data, resulting in suboptimal model.",[]
"@pytest.mark.parametrize('tree_type, criterion', list(product([tree for tree in SPARSE_TREES if tree in REG_TREES], REG_CRITERIONS)) + list(product([tree for tree in SPARSE_TREES if tree in CLF_TREES], CLF_CRITERIONS)))
@pytest.mark.parametrize('dataset', ['sparse-pos', 'sparse-neg', 'sparse-mix', 'zeros'])
@pytest.mark.parametrize('csc_container', CSC_CONTAINERS)
def test_sparse_criteria(tree_type, dataset, csc_container, criterion):
    TreeEstimator = ALL_TREES[tree_type]
    X = DATASETS[dataset]['X']
    X_sparse = csc_container(X)
    y = DATASETS[dataset]['y']
    d = TreeEstimator(random_state=0, max_depth=3, criterion=criterion).fit(X, y)
    s = TreeEstimator(random_state=0, max_depth=3, criterion=criterion).fit(X_sparse, y)
    assert_tree_equal(d.tree_, s.tree_, '{0} with dense and sparse format gave different trees'.format(tree_type))
    assert_array_almost_equal(s.predict(X), d.predict(X))",bug_report,"What could cause the function to fail when testing the sparse criteria for certain tree types, datasets, and CSC containers?","The function could fail if the sparse format of the input data is not correctly handled by the TreeEstimator, leading to inconsistent tree structures or predictions between the dense and sparse formats. This could be due to issues with the CSC container implementation or the TreeEstimator's ability to handle sparse data. The function could be fixed by ensuring that the sparse format is properly converted and handled throughout the testing process, or by implementing additional checks and error handling to catch and handle any potential issues that may arise..",[]
"@pytest.mark.parametrize('name', SPARSE_TREES)
@pytest.mark.parametrize('csc_container', CSC_CONTAINERS)
def test_min_weight_fraction_leaf_on_sparse_input(name, csc_container):
    check_min_weight_fraction_leaf(name, 'multilabel', sparse_container=csc_container)",performance,"Does the function test_min_weight_fraction_leaf_on_sparse_input handle sparse input efficiently, considering the CSC container format?","The function could be optimized by leveraging the sparsity of the input data, such as using optimized sparse matrix operations, to reduce computational complexity and memory usage. However, this might require additional processing and may introduce trade-offs in terms of accuracy and implementation complexity..",[]
"def test_get_chunk_n_rows_warns():
    """"""Check that warning is raised when working_memory is too low.""""""
    row_bytes = 1024 * 1024 + 1
    max_n_rows = None
    working_memory = 1
    expected = 1
    warn_msg = 'Could not adhere to working_memory config. Currently 1MiB, 2MiB required.'
    with pytest.warns(UserWarning, match=warn_msg):
        actual = get_chunk_n_rows(row_bytes=row_bytes, max_n_rows=max_n_rows, working_memory=working_memory)
    assert actual == expected
    assert type(actual) is type(expected)
    with config_context(working_memory=working_memory):
        with pytest.warns(UserWarning, match=warn_msg):
            actual = get_chunk_n_rows(row_bytes=row_bytes, max_n_rows=max_n_rows)
        assert actual == expected
        assert type(actual) is type(expected)",performance,How does the function handle low working memory configurations?,"The function raises a warning when the working memory is too low, which could lead to performance issues. It could be optimized by implementing a more robust warning system or by providing a default configuration that takes into account the available working memory.",[]
"def test_lasso_cv():
    X, y, X_test, y_test = build_dataset()
    max_iter = 150
    clf = LassoCV(alphas=10, eps=0.001, max_iter=max_iter, cv=3).fit(X, y)
    assert_almost_equal(clf.alpha_, 0.056, 2)
    clf = LassoCV(alphas=10, eps=0.001, max_iter=max_iter, precompute=True, cv=3)
    clf.fit(X, y)
    assert_almost_equal(clf.alpha_, 0.056, 2)
    lars = LassoLarsCV(max_iter=30, cv=3).fit(X, y)
    assert np.abs(np.searchsorted(clf.alphas_[::-1], lars.alpha_) - np.searchsorted(clf.alphas_[::-1], clf.alpha_)) <= 1
    mse_lars = interpolate.interp1d(lars.cv_alphas_, lars.mse_path_.T)
    assert_allclose(mse_lars(clf.alphas_[5]).mean(), clf.mse_path_[5].mean(), rtol=0.01)
    assert clf.score(X_test, y_test) > 0.99",performance,How does the function handle high-dimensional data?,"The function uses LassoCV and LassoLarsCV, which are designed to handle high-dimensional data. However, the function may still experience performance issues if the number of features is extremely large, as the computational cost of the algorithms increases with the number of features. The function could be optimized by using a more efficient algorithm or by reducing the number of features using techniques such as.",[]
"@pytest.mark.parametrize('tree_type, criterion', list(product([tree for tree in SPARSE_TREES if tree in REG_TREES], REG_CRITERIONS)) + list(product([tree for tree in SPARSE_TREES if tree in CLF_TREES], CLF_CRITERIONS)))
@pytest.mark.parametrize('dataset', ['sparse-pos', 'sparse-neg', 'sparse-mix', 'zeros'])
@pytest.mark.parametrize('csc_container', CSC_CONTAINERS)
def test_sparse_criteria(tree_type, dataset, csc_container, criterion):
    TreeEstimator = ALL_TREES[tree_type]
    X = DATASETS[dataset]['X']
    X_sparse = csc_container(X)
    y = DATASETS[dataset]['y']
    d = TreeEstimator(random_state=0, max_depth=3, criterion=criterion).fit(X, y)
    s = TreeEstimator(random_state=0, max_depth=3, criterion=criterion).fit(X_sparse, y)
    assert_tree_equal(d.tree_, s.tree_, '{0} with dense and sparse format gave different trees'.format(tree_type))
    assert_array_almost_equal(s.predict(X), d.predict(X))",performance,Will the use of sparse matrices for training sparse trees have a significant impact on the memory usage of this function?,"The use of sparse matrices for training sparse trees can significantly reduce the memory usage of this function, especially when dealing with large datasets, as it only stores the non-zero values in the matrix. However, it may also introduce additional computational complexity due to the need to iterate over the sparse matrix, which could potentially offset some of the memory savings..",[]
"def _fit_transform(self, X):
    if self.n_neighbors is not None and self.radius is not None:
        raise ValueError(f'Both n_neighbors and radius are provided. Use Isomap(radius={self.radius}, n_neighbors=None) if intended to use radius-based neighbors')
    self.nbrs_ = NearestNeighbors(n_neighbors=self.n_neighbors, radius=self.radius, algorithm=self.neighbors_algorithm, metric=self.metric, p=self.p, metric_params=self.metric_params, n_jobs=self.n_jobs)
    self.nbrs_.fit(X)
    self.n_features_in_ = self.nbrs_.n_features_in_
    if hasattr(self.nbrs_, 'feature_names_in_'):
        self.feature_names_in_ = self.nbrs_.feature_names_in_
    self.kernel_pca_ = KernelPCA(n_components=self.n_components, kernel='precomputed', eigen_solver=self.eigen_solver, tol=self.tol, max_iter=self.max_iter, n_jobs=self.n_jobs).set_output(transform='default')
    if self.n_neighbors is not None:
        nbg = kneighbors_graph(self.nbrs_, self.n_neighbors, metric=self.metric, p=self.p, metric_params=self.metric_params, mode='distance', n_jobs=self.n_jobs)
    else:
        nbg = radius_neighbors_graph(self.nbrs_, radius=self.radius, metric=self.metric, p=self.p, metric_params=self.metric_params, mode='distance', n_jobs=self.n_jobs)
    n_connected_components, labels = connected_components(nbg)
    if n_connected_components > 1:
        if self.metric == 'precomputed' and issparse(X):
            raise RuntimeError(f""The number of connected components of the neighbors graph is {n_connected_components} > 1. The graph cannot be completed with metric='precomputed', and Isomap cannot befitted. Increase the number of neighbors to avoid this issue, or precompute the full distance matrix instead of passing a sparse neighbors graph."")
        warnings.warn(f'The number of connected components of the neighbors graph is {n_connected_components} > 1. Completing the graph to fit Isomap might be slow. Increase the number of neighbors to avoid this issue.', stacklevel=2)
        nbg = _fix_connected_components(X=self.nbrs_._fit_X, graph=nbg, n_connected_components=n_connected_components, component_labels=labels, mode='distance', metric=self.nbrs_.effective_metric_, **self.nbrs_.effective_metric_params_)
    self.dist_matrix_ = shortest_path(nbg, method=self.path_method, directed=False)
    if self.nbrs_._fit_X.dtype == np.float32:
        self.dist_matrix_ = self.dist_matrix_.astype(self.nbrs_._fit_X.dtype, copy=False)
    G = self.dist_matrix_ ** 2
    G *= -0.5
    self.embedding_ = self.kernel_pca_.fit_transform(G)
    self._n_features_out = self.embedding_.shape[1]",general,What is the effect of providing both n_neighbors and radius parameters to the _fit_transform function?,"It will raise a ValueError, indicating that both parameters cannot be provided simultaneously..",[]
"@pytest.mark.parametrize('name, dataset_func', _generate_func_supporting_param('as_frame'))
def test_common_check_as_frame(name, dataset_func):
    bunch = dataset_func()
    check_as_frame(bunch, dataset_func)",general,What is the function test_common_check_as_frame used for?,It tests the functionality of a dataset conversion function by converting the dataset to a DataFrame and then checking it..,[]
"def test_center_kernel():
    rng = np.random.RandomState(0)
    X_fit = rng.random_sample((5, 4))
    scaler = StandardScaler(with_std=False)
    scaler.fit(X_fit)
    X_fit_centered = scaler.transform(X_fit)
    K_fit = np.dot(X_fit, X_fit.T)
    centerer = KernelCenterer()
    K_fit_centered = np.dot(X_fit_centered, X_fit_centered.T)
    K_fit_centered2 = centerer.fit_transform(K_fit)
    assert_array_almost_equal(K_fit_centered, K_fit_centered2)
    X_pred = rng.random_sample((2, 4))
    K_pred = np.dot(X_pred, X_fit.T)
    X_pred_centered = scaler.transform(X_pred)
    K_pred_centered = np.dot(X_pred_centered, X_fit_centered.T)
    K_pred_centered2 = centerer.transform(K_pred)
    assert_array_almost_equal(K_pred_centered, K_pred_centered2)
    ones_M = np.ones_like(K_fit) / K_fit.shape[0]
    K_fit_centered3 = K_fit - ones_M @ K_fit - K_fit @ ones_M + ones_M @ K_fit @ ones_M
    assert_allclose(K_fit_centered, K_fit_centered3)
    ones_prime_M = np.ones_like(K_pred) / K_fit.shape[0]
    K_pred_centered3 = K_pred - ones_prime_M @ K_fit - K_pred @ ones_M + ones_prime_M @ K_fit @ ones_M
    assert_allclose(K_pred_centered, K_pred_centered3)",general,What is the purpose of the test_center_kernel function?,"This function tests the correctness of a kernel centering algorithm, comparing the results of the algorithm with the results of a manual implementation of kernel centering using matrix operations..",[]
"def _fit_transform(self, X):
    if self.n_neighbors is not None and self.radius is not None:
        raise ValueError(f'Both n_neighbors and radius are provided. Use Isomap(radius={self.radius}, n_neighbors=None) if intended to use radius-based neighbors')
    self.nbrs_ = NearestNeighbors(n_neighbors=self.n_neighbors, radius=self.radius, algorithm=self.neighbors_algorithm, metric=self.metric, p=self.p, metric_params=self.metric_params, n_jobs=self.n_jobs)
    self.nbrs_.fit(X)
    self.n_features_in_ = self.nbrs_.n_features_in_
    if hasattr(self.nbrs_, 'feature_names_in_'):
        self.feature_names_in_ = self.nbrs_.feature_names_in_
    self.kernel_pca_ = KernelPCA(n_components=self.n_components, kernel='precomputed', eigen_solver=self.eigen_solver, tol=self.tol, max_iter=self.max_iter, n_jobs=self.n_jobs).set_output(transform='default')
    if self.n_neighbors is not None:
        nbg = kneighbors_graph(self.nbrs_, self.n_neighbors, metric=self.metric, p=self.p, metric_params=self.metric_params, mode='distance', n_jobs=self.n_jobs)
    else:
        nbg = radius_neighbors_graph(self.nbrs_, radius=self.radius, metric=self.metric, p=self.p, metric_params=self.metric_params, mode='distance', n_jobs=self.n_jobs)
    n_connected_components, labels = connected_components(nbg)
    if n_connected_components > 1:
        if self.metric == 'precomputed' and issparse(X):
            raise RuntimeError(f""The number of connected components of the neighbors graph is {n_connected_components} > 1. The graph cannot be completed with metric='precomputed', and Isomap cannot befitted. Increase the number of neighbors to avoid this issue, or precompute the full distance matrix instead of passing a sparse neighbors graph."")
        warnings.warn(f'The number of connected components of the neighbors graph is {n_connected_components} > 1. Completing the graph to fit Isomap might be slow. Increase the number of neighbors to avoid this issue.', stacklevel=2)
        nbg = _fix_connected_components(X=self.nbrs_._fit_X, graph=nbg, n_connected_components=n_connected_components, component_labels=labels, mode='distance', metric=self.nbrs_.effective_metric_, **self.nbrs_.effective_metric_params_)
    self.dist_matrix_ = shortest_path(nbg, method=self.path_method, directed=False)
    if self.nbrs_._fit_X.dtype == np.float32:
        self.dist_matrix_ = self.dist_matrix_.astype(self.nbrs_._fit_X.dtype, copy=False)
    G = self.dist_matrix_ ** 2
    G *= -0.5
    self.embedding_ = self.kernel_pca_.fit_transform(G)
    self._n_features_out = self.embedding_.shape[1]",feature_request,Can the function be modified to support handling categorical data by converting categorical features to numerical features before applying Isomap?,"Yes, the function can be modified to support handling categorical data by using a one-hot encoding or label encoding technique to convert categorical features to numerical features before applying Isomap. This would allow the function to handle datasets with mixed categorical and numerical features..",[]
"def test_tuned_threshold_classifier_cv_float():
    """"""Check the behaviour when `cv` is set to a float.""""""
    X, y = make_classification(random_state=0)
    test_size = 0.3
    estimator = LogisticRegression()
    tuned_model = TunedThresholdClassifierCV(estimator, cv=test_size, refit=False, random_state=0).fit(X, y)
    tuned_model.fit(X, y)
    cv = StratifiedShuffleSplit(n_splits=1, test_size=test_size, random_state=0)
    train_idx, val_idx = next(cv.split(X, y))
    cloned_estimator = clone(estimator).fit(X[train_idx], y[train_idx])
    assert_allclose(tuned_model.estimator_.coef_, cloned_estimator.coef_)
    tuned_model.set_params(refit=True).fit(X, y)
    cloned_estimator = clone(estimator).fit(X, y)
    assert_allclose(tuned_model.estimator_.coef_, cloned_estimator.coef_)",feature_request,Can the function handle classification problems with imbalanced datasets?,"This feature could be implemented by incorporating class weights or oversampling the minority class to handle imbalanced datasets, and then adjusting the threshold tuning process accordingly to ensure accurate predictions..",[]
"@pytest.mark.parametrize('name, dataset_func', _generate_func_supporting_param('as_frame'))
def test_common_check_as_frame(name, dataset_func):
    bunch = dataset_func()
    check_as_frame(bunch, dataset_func)",feature_request,Can the function support data processing and cleaning before converting the data to a pandas DataFrame?,The feature could be integrated by modifying the dataset_func to include data processing and cleaning steps before returning the data. This would be useful for users who need to perform preliminary data processing before converting their data to a pandas DataFrame..,[]
"def test_center_kernel():
    rng = np.random.RandomState(0)
    X_fit = rng.random_sample((5, 4))
    scaler = StandardScaler(with_std=False)
    scaler.fit(X_fit)
    X_fit_centered = scaler.transform(X_fit)
    K_fit = np.dot(X_fit, X_fit.T)
    centerer = KernelCenterer()
    K_fit_centered = np.dot(X_fit_centered, X_fit_centered.T)
    K_fit_centered2 = centerer.fit_transform(K_fit)
    assert_array_almost_equal(K_fit_centered, K_fit_centered2)
    X_pred = rng.random_sample((2, 4))
    K_pred = np.dot(X_pred, X_fit.T)
    X_pred_centered = scaler.transform(X_pred)
    K_pred_centered = np.dot(X_pred_centered, X_fit_centered.T)
    K_pred_centered2 = centerer.transform(K_pred)
    assert_array_almost_equal(K_pred_centered, K_pred_centered2)
    ones_M = np.ones_like(K_fit) / K_fit.shape[0]
    K_fit_centered3 = K_fit - ones_M @ K_fit - K_fit @ ones_M + ones_M @ K_fit @ ones_M
    assert_allclose(K_fit_centered, K_fit_centered3)
    ones_prime_M = np.ones_like(K_pred) / K_fit.shape[0]
    K_pred_centered3 = K_pred - ones_prime_M @ K_fit - K_pred @ ones_M + ones_prime_M @ K_fit @ ones_M
    assert_allclose(K_pred_centered, K_pred_centered3)",feature_request,Can we add an option to center the kernel matrix using a specific reference point or vector?,"That would be useful, as it would allow for more flexibility in the data processing pipeline. The feature could be integrated by adding checks for the sizes of the kernel matrices and handling the differences accordingly..",[]
"def _fit_transform(self, X):
    if self.n_neighbors is not None and self.radius is not None:
        raise ValueError(f'Both n_neighbors and radius are provided. Use Isomap(radius={self.radius}, n_neighbors=None) if intended to use radius-based neighbors')
    self.nbrs_ = NearestNeighbors(n_neighbors=self.n_neighbors, radius=self.radius, algorithm=self.neighbors_algorithm, metric=self.metric, p=self.p, metric_params=self.metric_params, n_jobs=self.n_jobs)
    self.nbrs_.fit(X)
    self.n_features_in_ = self.nbrs_.n_features_in_
    if hasattr(self.nbrs_, 'feature_names_in_'):
        self.feature_names_in_ = self.nbrs_.feature_names_in_
    self.kernel_pca_ = KernelPCA(n_components=self.n_components, kernel='precomputed', eigen_solver=self.eigen_solver, tol=self.tol, max_iter=self.max_iter, n_jobs=self.n_jobs).set_output(transform='default')
    if self.n_neighbors is not None:
        nbg = kneighbors_graph(self.nbrs_, self.n_neighbors, metric=self.metric, p=self.p, metric_params=self.metric_params, mode='distance', n_jobs=self.n_jobs)
    else:
        nbg = radius_neighbors_graph(self.nbrs_, radius=self.radius, metric=self.metric, p=self.p, metric_params=self.metric_params, mode='distance', n_jobs=self.n_jobs)
    n_connected_components, labels = connected_components(nbg)
    if n_connected_components > 1:
        if self.metric == 'precomputed' and issparse(X):
            raise RuntimeError(f""The number of connected components of the neighbors graph is {n_connected_components} > 1. The graph cannot be completed with metric='precomputed', and Isomap cannot befitted. Increase the number of neighbors to avoid this issue, or precompute the full distance matrix instead of passing a sparse neighbors graph."")
        warnings.warn(f'The number of connected components of the neighbors graph is {n_connected_components} > 1. Completing the graph to fit Isomap might be slow. Increase the number of neighbors to avoid this issue.', stacklevel=2)
        nbg = _fix_connected_components(X=self.nbrs_._fit_X, graph=nbg, n_connected_components=n_connected_components, component_labels=labels, mode='distance', metric=self.nbrs_.effective_metric_, **self.nbrs_.effective_metric_params_)
    self.dist_matrix_ = shortest_path(nbg, method=self.path_method, directed=False)
    if self.nbrs_._fit_X.dtype == np.float32:
        self.dist_matrix_ = self.dist_matrix_.astype(self.nbrs_._fit_X.dtype, copy=False)
    G = self.dist_matrix_ ** 2
    G *= -0.5
    self.embedding_ = self.kernel_pca_.fit_transform(G)
    self._n_features_out = self.embedding_.shape[1]",bug_report,"What happens if the input data X has a shape of (n_samples, n_features) where n_samples is 0, and the function is called with X as the input?","The function will likely raise a ValueError when trying to fit the nearest neighbors object, as it expects a non-empty input. It could be fixed by adding a check for the shape of X before attempting to fit the nearest neighbors object..",[]
"def test_tuned_threshold_classifier_cv_float():
    """"""Check the behaviour when `cv` is set to a float.""""""
    X, y = make_classification(random_state=0)
    test_size = 0.3
    estimator = LogisticRegression()
    tuned_model = TunedThresholdClassifierCV(estimator, cv=test_size, refit=False, random_state=0).fit(X, y)
    tuned_model.fit(X, y)
    cv = StratifiedShuffleSplit(n_splits=1, test_size=test_size, random_state=0)
    train_idx, val_idx = next(cv.split(X, y))
    cloned_estimator = clone(estimator).fit(X[train_idx], y[train_idx])
    assert_allclose(tuned_model.estimator_.coef_, cloned_estimator.coef_)
    tuned_model.set_params(refit=True).fit(X, y)
    cloned_estimator = clone(estimator).fit(X, y)
    assert_allclose(tuned_model.estimator_.coef_, cloned_estimator.coef_)",bug_report,"** What could happen if the `cv` parameter is set to a non-integer value other than 0 or 1, such as 0.5 or 2.5, in the `TunedThresholdClassifierCV` function?","This could cause an error or unexpected behavior because the `StratifiedShuffleSplit` class in scikit-learn only accepts integer values for the `n_splits` parameter, and the `test_size` parameter is not directly used by the `StratifiedShuffleSplit` class. To fix this, the function could be modified to validate the `cv` parameter and raise an error if it is not an integer value or is not within the allowed.",[]
"@pytest.mark.parametrize('name, dataset_func', _generate_func_supporting_param('as_frame'))
def test_common_check_as_frame(name, dataset_func):
    bunch = dataset_func()
    check_as_frame(bunch, dataset_func)",bug_report,"What if the function `dataset_func` returns `None` instead of a valid dataset, and the function `check_as_frame` expects a non-`None` value?","The function `check_as_frame` would raise a `TypeError` when trying to call `bunch` as a function, which could cause the test to fail. This could be fixed by adding a simple check before calling `check_as_frame`, such as `if bunch is None: return` or `if not bunch: return`, to handle the case where `dataset_func` returns `None`..",[]
"def _fit_transform(self, X):
    if self.n_neighbors is not None and self.radius is not None:
        raise ValueError(f'Both n_neighbors and radius are provided. Use Isomap(radius={self.radius}, n_neighbors=None) if intended to use radius-based neighbors')
    self.nbrs_ = NearestNeighbors(n_neighbors=self.n_neighbors, radius=self.radius, algorithm=self.neighbors_algorithm, metric=self.metric, p=self.p, metric_params=self.metric_params, n_jobs=self.n_jobs)
    self.nbrs_.fit(X)
    self.n_features_in_ = self.nbrs_.n_features_in_
    if hasattr(self.nbrs_, 'feature_names_in_'):
        self.feature_names_in_ = self.nbrs_.feature_names_in_
    self.kernel_pca_ = KernelPCA(n_components=self.n_components, kernel='precomputed', eigen_solver=self.eigen_solver, tol=self.tol, max_iter=self.max_iter, n_jobs=self.n_jobs).set_output(transform='default')
    if self.n_neighbors is not None:
        nbg = kneighbors_graph(self.nbrs_, self.n_neighbors, metric=self.metric, p=self.p, metric_params=self.metric_params, mode='distance', n_jobs=self.n_jobs)
    else:
        nbg = radius_neighbors_graph(self.nbrs_, radius=self.radius, metric=self.metric, p=self.p, metric_params=self.metric_params, mode='distance', n_jobs=self.n_jobs)
    n_connected_components, labels = connected_components(nbg)
    if n_connected_components > 1:
        if self.metric == 'precomputed' and issparse(X):
            raise RuntimeError(f""The number of connected components of the neighbors graph is {n_connected_components} > 1. The graph cannot be completed with metric='precomputed', and Isomap cannot befitted. Increase the number of neighbors to avoid this issue, or precompute the full distance matrix instead of passing a sparse neighbors graph."")
        warnings.warn(f'The number of connected components of the neighbors graph is {n_connected_components} > 1. Completing the graph to fit Isomap might be slow. Increase the number of neighbors to avoid this issue.', stacklevel=2)
        nbg = _fix_connected_components(X=self.nbrs_._fit_X, graph=nbg, n_connected_components=n_connected_components, component_labels=labels, mode='distance', metric=self.nbrs_.effective_metric_, **self.nbrs_.effective_metric_params_)
    self.dist_matrix_ = shortest_path(nbg, method=self.path_method, directed=False)
    if self.nbrs_._fit_X.dtype == np.float32:
        self.dist_matrix_ = self.dist_matrix_.astype(self.nbrs_._fit_X.dtype, copy=False)
    G = self.dist_matrix_ ** 2
    G *= -0.5
    self.embedding_ = self.kernel_pca_.fit_transform(G)
    self._n_features_out = self.embedding_.shape[1]",performance,How does the function handle large input datasets in terms of memory usage?,"The function uses a nearest neighbors algorithm to compute distances, which can be memory-intensive for large datasets. However, it also provides options to reduce memory usage, such as setting `n_jobs` to a value greater than 1 for parallel computation. Additionally, the `effective_metric_` and `effective_metric_params_` attributes are used to optimize the computation of distances. However, for very large datasets, it may be necessary to use a more efficient data structure or algorithm to compute distances..",[]
"def test_tuned_threshold_classifier_cv_float():
    """"""Check the behaviour when `cv` is set to a float.""""""
    X, y = make_classification(random_state=0)
    test_size = 0.3
    estimator = LogisticRegression()
    tuned_model = TunedThresholdClassifierCV(estimator, cv=test_size, refit=False, random_state=0).fit(X, y)
    tuned_model.fit(X, y)
    cv = StratifiedShuffleSplit(n_splits=1, test_size=test_size, random_state=0)
    train_idx, val_idx = next(cv.split(X, y))
    cloned_estimator = clone(estimator).fit(X[train_idx], y[train_idx])
    assert_allclose(tuned_model.estimator_.coef_, cloned_estimator.coef_)
    tuned_model.set_params(refit=True).fit(X, y)
    cloned_estimator = clone(estimator).fit(X, y)
    assert_allclose(tuned_model.estimator_.coef_, cloned_estimator.coef_)",performance,Are the model coefficients accurately compared between the original and cloned estimators?,"Yes, the model coefficients are accurately compared between the original and cloned estimators using `assert_allclose`, which ensures a close match between the two sets of coefficients. However, this comparison may not be necessary if.",[]
"@pytest.mark.parametrize('name, dataset_func', _generate_func_supporting_param('as_frame'))
def test_common_check_as_frame(name, dataset_func):
    bunch = dataset_func()
    check_as_frame(bunch, dataset_func)",performance,What are some potential trade-offs when choosing between using a parameterized function like dataset_func or a fixed dataset for testing the check_as_frame function??,"The repeated creation of a bunch object could lead to increased memory usage and slower performance, especially if the dataset_func is computationally expensive. A potential optimization could be to create the bunch object once and reuse it throughout the test, or to refactor the test to avoid repeated creation of the object..",[]
"def test_center_kernel():
    rng = np.random.RandomState(0)
    X_fit = rng.random_sample((5, 4))
    scaler = StandardScaler(with_std=False)
    scaler.fit(X_fit)
    X_fit_centered = scaler.transform(X_fit)
    K_fit = np.dot(X_fit, X_fit.T)
    centerer = KernelCenterer()
    K_fit_centered = np.dot(X_fit_centered, X_fit_centered.T)
    K_fit_centered2 = centerer.fit_transform(K_fit)
    assert_array_almost_equal(K_fit_centered, K_fit_centered2)
    X_pred = rng.random_sample((2, 4))
    K_pred = np.dot(X_pred, X_fit.T)
    X_pred_centered = scaler.transform(X_pred)
    K_pred_centered = np.dot(X_pred_centered, X_fit_centered.T)
    K_pred_centered2 = centerer.transform(K_pred)
    assert_array_almost_equal(K_pred_centered, K_pred_centered2)
    ones_M = np.ones_like(K_fit) / K_fit.shape[0]
    K_fit_centered3 = K_fit - ones_M @ K_fit - K_fit @ ones_M + ones_M @ K_fit @ ones_M
    assert_allclose(K_fit_centered, K_fit_centered3)
    ones_prime_M = np.ones_like(K_pred) / K_fit.shape[0]
    K_pred_centered3 = K_pred - ones_prime_M @ K_fit - K_pred @ ones_M + ones_prime_M @ K_fit @ ones_M
    assert_allclose(K_pred_centered, K_pred_centered3)",performance,Does the function's implementation of kernel centering affect its computational efficiency?,. The function.,[]
"def build_preprocessor(self):
    """"""Return a function to preprocess the text before tokenization.

        Returns
        -------
        preprocessor: callable
              A function to preprocess the text before tokenization.
        """"""
    if self.preprocessor is not None:
        return self.preprocessor
    if not self.strip_accents:
        strip_accents = None
    elif callable(self.strip_accents):
        strip_accents = self.strip_accents
    elif self.strip_accents == 'ascii':
        strip_accents = strip_accents_ascii
    elif self.strip_accents == 'unicode':
        strip_accents = strip_accents_unicode
    else:
        raise ValueError('Invalid value for ""strip_accents"": %s' % self.strip_accents)
    return partial(_preprocess, accent_function=strip_accents, lower=self.lowercase)",general,What is the function build_preprocessor used for?,It returns a function to preprocess the text before tokenization.  ```  ```  ```  ```  ```  ```  ```  ```  ```  ```  ```  ```  ```  ```  ```  ```  ```  ```  ```  ```  ```  ```  ```  ```  ```  ```  ```  ```  ```  ```  ```  ```  ```  ```  ```  ```  ```  ```  ```  ```  ```  ```  ```  ```.,[]
"@validate_params({'n_samples': [Interval(Integral, 1, None, closed='left')], 'noise': [Interval(Real, 0, None, closed='left')], 'random_state': ['random_state']}, prefer_skip_nested_validation=True)
def make_s_curve(n_samples=100, *, noise=0.0, random_state=None):
    """"""Generate an S curve dataset.

    Read more in the :ref:`User Guide <sample_generators>`.

    Parameters
    ----------
    n_samples : int, default=100
        The number of sample points on the S curve.

    noise : float, default=0.0
        The standard deviation of the gaussian noise.

    random_state : int, RandomState instance or None, default=None
        Determines random number generation for dataset creation. Pass an int
        for reproducible output across multiple function calls.
        See :term:`Glossary <random_state>`.

    Returns
    -------
    X : ndarray of shape (n_samples, 3)
        The points.

    t : ndarray of shape (n_samples,)
        The univariate position of the sample according
        to the main dimension of the points in the manifold.

    Examples
    --------
    >>> from sklearn.datasets import make_s_curve
    >>> X, t = make_s_curve(noise=0.05, random_state=0)
    >>> X.shape
    (100, 3)
    >>> t.shape
    (100,)
    """"""
    generator = check_random_state(random_state)
    t = 3 * np.pi * (generator.uniform(size=(1, n_samples)) - 0.5)
    X = np.empty(shape=(n_samples, 3), dtype=np.float64)
    X[:, 0] = np.sin(t)
    X[:, 1] = 2.0 * generator.uniform(size=n_samples)
    X[:, 2] = np.sign(t) * (np.cos(t) - 1)
    X += noise * generator.standard_normal(size=(3, n_samples)).T
    t = np.squeeze(t)
    return (X, t)",general,<your question?>?,<your answer.>.,[]
"def test_ransac_no_valid_model():

    def is_model_valid(estimator, X, y):
        return False
    estimator = LinearRegression()
    ransac_estimator = RANSACRegressor(estimator, is_model_valid=is_model_valid, max_trials=5)
    msg = 'RANSAC could not find a valid consensus set'
    with pytest.raises(ValueError, match=msg):
        ransac_estimator.fit(X, y)
    assert ransac_estimator.n_skips_no_inliers_ == 0
    assert ransac_estimator.n_skips_invalid_data_ == 0
    assert ransac_estimator.n_skips_invalid_model_ == 5",general,What is the default value of the max_trials parameter in the RANSACRegressor?,The.,[]
"@validate_params({'n_samples': [Interval(Integral, 1, None, closed='left')], 'noise': [Interval(Real, 0, None, closed='left')], 'random_state': ['random_state']}, prefer_skip_nested_validation=True)
def make_s_curve(n_samples=100, *, noise=0.0, random_state=None):
    """"""Generate an S curve dataset.

    Read more in the :ref:`User Guide <sample_generators>`.

    Parameters
    ----------
    n_samples : int, default=100
        The number of sample points on the S curve.

    noise : float, default=0.0
        The standard deviation of the gaussian noise.

    random_state : int, RandomState instance or None, default=None
        Determines random number generation for dataset creation. Pass an int
        for reproducible output across multiple function calls.
        See :term:`Glossary <random_state>`.

    Returns
    -------
    X : ndarray of shape (n_samples, 3)
        The points.

    t : ndarray of shape (n_samples,)
        The univariate position of the sample according
        to the main dimension of the points in the manifold.

    Examples
    --------
    >>> from sklearn.datasets import make_s_curve
    >>> X, t = make_s_curve(noise=0.05, random_state=0)
    >>> X.shape
    (100, 3)
    >>> t.shape
    (100,)
    """"""
    generator = check_random_state(random_state)
    t = 3 * np.pi * (generator.uniform(size=(1, n_samples)) - 0.5)
    X = np.empty(shape=(n_samples, 3), dtype=np.float64)
    X[:, 0] = np.sin(t)
    X[:, 1] = 2.0 * generator.uniform(size=n_samples)
    X[:, 2] = np.sign(t) * (np.cos(t) - 1)
    X += noise * generator.standard_normal(size=(3, n_samples)).T
    t = np.squeeze(t)
    return (X, t)",feature_request,"Can the make_s_curve function be extended to generate an S curve with a varying number of loops? For example, generate an S curve with 3 loops instead of the default 1 loop?","This feature could be added by introducing an additional parameter, such as ""num_loops"", which would allow the user to specify the number of loops in the S curve. The function could then generate the S curve accordingly, using a loop counter to repeat the pattern of the S curve the specified number of times. This feature would be useful for users who want to create more complex S curves for their specific use cases, such as in machine learning or data visualization..",[]
"def test_ransac_no_valid_model():

    def is_model_valid(estimator, X, y):
        return False
    estimator = LinearRegression()
    ransac_estimator = RANSACRegressor(estimator, is_model_valid=is_model_valid, max_trials=5)
    msg = 'RANSAC could not find a valid consensus set'
    with pytest.raises(ValueError, match=msg):
        ransac_estimator.fit(X, y)
    assert ransac_estimator.n_skips_no_inliers_ == 0
    assert ransac_estimator.n_skips_invalid_data_ == 0
    assert ransac_estimator.n_skips_invalid_model_ == 5",feature_request,"Could this function be modified to handle cases where the input data is not well-suited for RANSAC regression, such as when there is no clear linear relationship between the variables?","This feature could be implemented by adding an optional parameter to the function that allows the user to specify a minimum correlation threshold for the input data. If the correlation is below this threshold, the function could raise a warning or error, or return a specific value to indicate that the data is not suitable for RANSAC regression. This would provide more robustness and flexibility in handling different types of input data..",[]
"def _read_params(name, value, non_default_params):
    """"""Categorizes parameters as 'default' or 'user-set' and formats their values.
    Escapes or truncates parameter values for display safety and readability.
    """"""
    r = reprlib.Repr()
    r.maxlist = 2
    r.maxtuple = 1
    r.maxstring = 50
    cleaned_value = html.escape(r.repr(value))
    param_type = 'user-set' if name in non_default_params else 'default'
    return {'param_type': param_type, 'param_name': name, 'param_value': cleaned_value}",feature_request,"Could the function be modified to support formatting of datetime objects, such as truncating them to a specific date format?","This feature could be integrated by adding a new parameter to the function, such as `date_format`, which would specify the desired date format. The function would then use the `datetime` module to format the datetime object accordingly, and return the formatted value in the `param_value` key of the returned dictionary. This would be useful for displaying datetime objects in a consistent and user-friendly format..",[]
"def build_preprocessor(self):
    """"""Return a function to preprocess the text before tokenization.

        Returns
        -------
        preprocessor: callable
              A function to preprocess the text before tokenization.
        """"""
    if self.preprocessor is not None:
        return self.preprocessor
    if not self.strip_accents:
        strip_accents = None
    elif callable(self.strip_accents):
        strip_accents = self.strip_accents
    elif self.strip_accents == 'ascii':
        strip_accents = strip_accents_ascii
    elif self.strip_accents == 'unicode':
        strip_accents = strip_accents_unicode
    else:
        raise ValueError('Invalid value for ""strip_accents"": %s' % self.strip_accents)
    return partial(_preprocess, accent_function=strip_accents, lower=self.lowercase)",bug_report,"What happens if the value of `self.strip_accents` is neither 'ascii', 'unicode', nor a callable function, and the `self.lowercase` attribute is set to `True`?","The function will raise a `ValueError` because it does not handle the case where `self.strip_accents` is neither 'ascii', 'unicode', nor a callable function, and the `self.lowercase` attribute is set to `True`. This can be fixed by adding a check for this case and returning a default value, such as the original text, or raising a custom error..",[]
"@validate_params({'n_samples': [Interval(Integral, 1, None, closed='left')], 'noise': [Interval(Real, 0, None, closed='left')], 'random_state': ['random_state']}, prefer_skip_nested_validation=True)
def make_s_curve(n_samples=100, *, noise=0.0, random_state=None):
    """"""Generate an S curve dataset.

    Read more in the :ref:`User Guide <sample_generators>`.

    Parameters
    ----------
    n_samples : int, default=100
        The number of sample points on the S curve.

    noise : float, default=0.0
        The standard deviation of the gaussian noise.

    random_state : int, RandomState instance or None, default=None
        Determines random number generation for dataset creation. Pass an int
        for reproducible output across multiple function calls.
        See :term:`Glossary <random_state>`.

    Returns
    -------
    X : ndarray of shape (n_samples, 3)
        The points.

    t : ndarray of shape (n_samples,)
        The univariate position of the sample according
        to the main dimension of the points in the manifold.

    Examples
    --------
    >>> from sklearn.datasets import make_s_curve
    >>> X, t = make_s_curve(noise=0.05, random_state=0)
    >>> X.shape
    (100, 3)
    >>> t.shape
    (100,)
    """"""
    generator = check_random_state(random_state)
    t = 3 * np.pi * (generator.uniform(size=(1, n_samples)) - 0.5)
    X = np.empty(shape=(n_samples, 3), dtype=np.float64)
    X[:, 0] = np.sin(t)
    X[:, 1] = 2.0 * generator.uniform(size=n_samples)
    X[:, 2] = np.sign(t) * (np.cos(t) - 1)
    X += noise * generator.standard_normal(size=(3, n_samples)).T
    t = np.squeeze(t)
    return (X, t)",bug_report,"** What happens when the `n_samples` parameter is set to a negative integer, and how could this be fixed?","** This could cause a `ValueError` because the `Interval(Integral, 1, None, closed='left')` validation check in the `@validate_params` decorator does not allow negative integers. To fix this, the decorator could be modified to allow negative integers for `n_samples` by changing the `Interval` check to `Interval(Integral, -inf, inf, closed='left')`. Alternatively, the function could raise a more informative error message to guide the user in setting valid values for `n_samples`..  **END**  **.",[]
"def test_ransac_no_valid_model():

    def is_model_valid(estimator, X, y):
        return False
    estimator = LinearRegression()
    ransac_estimator = RANSACRegressor(estimator, is_model_valid=is_model_valid, max_trials=5)
    msg = 'RANSAC could not find a valid consensus set'
    with pytest.raises(ValueError, match=msg):
        ransac_estimator.fit(X, y)
    assert ransac_estimator.n_skips_no_inliers_ == 0
    assert ransac_estimator.n_skips_invalid_data_ == 0
    assert ransac_estimator.n_skips_invalid_model_ == 5",bug_report,What happens when the input data X and y are not valid for the LinearRegression model?,"When the input data X and y are not valid for the LinearRegression model, the function will raise a ValueError with the message 'RANSAC could not find a valid consensus set'. This is because the RANSACRegressor relies on.",[]
"def _read_params(name, value, non_default_params):
    """"""Categorizes parameters as 'default' or 'user-set' and formats their values.
    Escapes or truncates parameter values for display safety and readability.
    """"""
    r = reprlib.Repr()
    r.maxlist = 2
    r.maxtuple = 1
    r.maxstring = 50
    cleaned_value = html.escape(r.repr(value))
    param_type = 'user-set' if name in non_default_params else 'default'
    return {'param_type': param_type, 'param_name': name, 'param_value': cleaned_value}",bug_report,"What happens when the function is called with a non-string value for the `value` parameter, such as an integer or a list?","The function may not properly escape or truncate the value, leading to potential security issues or display problems. This could be fixed by adding additional type checking and handling for non-string values, such as using the `str` function to convert them to strings before escaping or truncating..",[]
"def build_preprocessor(self):
    """"""Return a function to preprocess the text before tokenization.

        Returns
        -------
        preprocessor: callable
              A function to preprocess the text before tokenization.
        """"""
    if self.preprocessor is not None:
        return self.preprocessor
    if not self.strip_accents:
        strip_accents = None
    elif callable(self.strip_accents):
        strip_accents = self.strip_accents
    elif self.strip_accents == 'ascii':
        strip_accents = strip_accents_ascii
    elif self.strip_accents == 'unicode':
        strip_accents = strip_accents_unicode
    else:
        raise ValueError('Invalid value for ""strip_accents"": %s' % self.strip_accents)
    return partial(_preprocess, accent_function=strip_accents, lower=self.lowercase)",performance,What is the potential impact of the nested if-else statements on the performance of the build_preprocessor function?,"The nested if-else statements could potentially slow down the function due to the increased number of conditional checks, making it less efficient. However, this is a minor concern as the function is primarily used for preprocessing text before tokenization,.",[]
"@validate_params({'n_samples': [Interval(Integral, 1, None, closed='left')], 'noise': [Interval(Real, 0, None, closed='left')], 'random_state': ['random_state']}, prefer_skip_nested_validation=True)
def make_s_curve(n_samples=100, *, noise=0.0, random_state=None):
    """"""Generate an S curve dataset.

    Read more in the :ref:`User Guide <sample_generators>`.

    Parameters
    ----------
    n_samples : int, default=100
        The number of sample points on the S curve.

    noise : float, default=0.0
        The standard deviation of the gaussian noise.

    random_state : int, RandomState instance or None, default=None
        Determines random number generation for dataset creation. Pass an int
        for reproducible output across multiple function calls.
        See :term:`Glossary <random_state>`.

    Returns
    -------
    X : ndarray of shape (n_samples, 3)
        The points.

    t : ndarray of shape (n_samples,)
        The univariate position of the sample according
        to the main dimension of the points in the manifold.

    Examples
    --------
    >>> from sklearn.datasets import make_s_curve
    >>> X, t = make_s_curve(noise=0.05, random_state=0)
    >>> X.shape
    (100, 3)
    >>> t.shape
    (100,)
    """"""
    generator = check_random_state(random_state)
    t = 3 * np.pi * (generator.uniform(size=(1, n_samples)) - 0.5)
    X = np.empty(shape=(n_samples, 3), dtype=np.float64)
    X[:, 0] = np.sin(t)
    X[:, 1] = 2.0 * generator.uniform(size=n_samples)
    X[:, 2] = np.sign(t) * (np.cos(t) - 1)
    X += noise * generator.standard_normal(size=(3, n_samples)).T
    t = np.squeeze(t)
    return (X, t)",performance,"How does the function handle large values of `n_samples`, and are there any performance concerns when generating a large number of samples?","The function uses `generator.uniform` to generate `n_samples` random numbers, which could be inefficient for large values of `n_samples`. To optimize this, the function could use a more efficient random number generator or use a more memory-efficient data structure to store the generated samples. However, for most use cases, the default implementation should be sufficient..",[]
"def test_ransac_no_valid_model():

    def is_model_valid(estimator, X, y):
        return False
    estimator = LinearRegression()
    ransac_estimator = RANSACRegressor(estimator, is_model_valid=is_model_valid, max_trials=5)
    msg = 'RANSAC could not find a valid consensus set'
    with pytest.raises(ValueError, match=msg):
        ransac_estimator.fit(X, y)
    assert ransac_estimator.n_skips_no_inliers_ == 0
    assert ransac_estimator.n_skips_invalid_data_ == 0
    assert ransac_estimator.n_skips_invalid_model_ == 5",performance,** Are there any potential memory concerns when using the RANSAC algorithm with large datasets?,"** Yes, the RANSAC algorithm can.",[]
"def _read_params(name, value, non_default_params):
    """"""Categorizes parameters as 'default' or 'user-set' and formats their values.
    Escapes or truncates parameter values for display safety and readability.
    """"""
    r = reprlib.Repr()
    r.maxlist = 2
    r.maxtuple = 1
    r.maxstring = 50
    cleaned_value = html.escape(r.repr(value))
    param_type = 'user-set' if name in non_default_params else 'default'
    return {'param_type': param_type, 'param_name': name, 'param_value': cleaned_value}",performance,How does the function handle large input values?,"The function uses reprlib.Repr() to format large input values, which can be memory-intensive. However, it also sets a maximum length for string representation, which can help mitigate this issue..",[]
"def test_early_stopping_with_sample_weights(monkeypatch):
    """"""Check that sample weights is passed in to the scorer and _raw_predict is not
    called.""""""
    mock_scorer = Mock(side_effect=get_scorer('neg_median_absolute_error'))

    def mock_check_scoring(estimator, scoring):
        assert scoring == 'neg_median_absolute_error'
        return mock_scorer
    monkeypatch.setattr(sklearn.ensemble._hist_gradient_boosting.gradient_boosting, 'check_scoring', mock_check_scoring)
    X, y = make_regression(random_state=0)
    sample_weight = np.ones_like(y)
    hist = HistGradientBoostingRegressor(max_iter=2, early_stopping=True, random_state=0, scoring='neg_median_absolute_error')
    mock_raw_predict = Mock(side_effect=hist._raw_predict)
    hist._raw_predict = mock_raw_predict
    hist.fit(X, y, sample_weight=sample_weight)
    assert mock_raw_predict.call_count == 0
    assert mock_scorer.call_count == 6
    for arg_list in mock_scorer.call_args_list:
        assert 'sample_weight' in arg_list[1]",general,What is the purpose of the `test_early_stopping_with_sample_weights` function?,The purpose of the `test_early_stopping_with_sample_weights` function is to check that sample weights are passed in to the scorer and the `_raw_predict` method is not called when using early stopping with HistGradientBoostingRegressor..,[]
"def func(X):
    assert_array_equal(X.columns, X_df.columns)
    assert_array_equal(X.values, X_df.values)
    return ['first']",general,What does the func function do when it is called with a pandas DataFrame X?,"This function compares the columns and values of the input pandas DataFrame X with the columns and values of another DataFrame X_df, and then returns a list containing the string 'first'..",[]
"@pytest.mark.parametrize('solver', SOLVERS)
@pytest.mark.parametrize('fit_intercept', [True, False])
def test_ridge_regression_unpenalized(solver, fit_intercept, ols_ridge_dataset, global_random_seed):
    """"""Test that unpenalized Ridge = OLS converges for all solvers to correct solution.

    We work with a simple constructed data set with known solution.
    Note: This checks the minimum norm solution for wide X, i.e.
    n_samples < n_features:
        min ||w||_2 subject to X w = y
    """"""
    X, y, coef, _ = ols_ridge_dataset
    n_samples, n_features = X.shape
    alpha = 0
    params = dict(alpha=alpha, fit_intercept=fit_intercept, solver=solver, tol=1e-15 if solver in ('sag', 'saga') else 1e-10, random_state=global_random_seed)
    model = Ridge(**params)
    if fit_intercept:
        X = X[:, :-1]
        intercept = coef[-1]
        coef = coef[:-1]
    else:
        intercept = 0
    model.fit(X, y)
    if n_samples > n_features or not fit_intercept:
        assert model.intercept_ == pytest.approx(intercept)
        assert_allclose(model.coef_, coef)
    else:
        assert_allclose(model.predict(X), y)
        assert_allclose(X @ coef + intercept, y)
        assert np.linalg.norm(np.r_[model.intercept_, model.coef_]) > np.linalg.norm(np.r_[intercept, coef])
        pytest.xfail(reason='Ridge does not provide the minimum norm solution.')
        assert model.intercept_ == pytest.approx(intercept)
        assert_allclose(model.coef_, coef)",general,"What is the purpose of this function, which tests Ridge regression with unpenalized coefficients?","This function tests that unpenalized Ridge regression converges to the correct solution for all solvers, using a constructed dataset with known solution, and checks that the minimum norm solution is achieved for wide X..",[]
"@pytest.mark.parametrize('Stacker, Estimator, stack_method, final_estimator, X, y', [(StackingClassifier, DummyClassifier, 'predict_proba', LogisticRegression(random_state=42), X_iris, y_iris), (StackingRegressor, DummyRegressor, 'predict', LinearRegression(), X_diabetes, y_diabetes)])
def test_stacking_prefit(Stacker, Estimator, stack_method, final_estimator, X, y):
    """"""Check the behaviour of stacking when `cv='prefit'`""""""
    X_train1, X_train2, y_train1, y_train2 = train_test_split(X, y, random_state=42, test_size=0.5)
    estimators = [('d0', Estimator().fit(X_train1, y_train1)), ('d1', Estimator().fit(X_train1, y_train1))]
    for _, estimator in estimators:
        estimator.fit = Mock(name='fit')
        stack_func = getattr(estimator, stack_method)
        predict_method_mocked = Mock(side_effect=stack_func)
        predict_method_mocked.__name__ = stack_method
        setattr(estimator, stack_method, predict_method_mocked)
    stacker = Stacker(estimators=estimators, cv='prefit', final_estimator=final_estimator)
    stacker.fit(X_train2, y_train2)
    assert stacker.estimators_ == [estimator for _, estimator in estimators]
    assert all((estimator.fit.call_count == 0 for estimator in stacker.estimators_))
    for estimator in stacker.estimators_:
        stack_func_mock = getattr(estimator, stack_method)
        stack_func_mock.assert_called_with(X_train2)",general,What is the purpose of the `test_stacking_prefit` function?,This function tests the behavior of stacking when `cv='prefit'`..,[]
"def test_early_stopping_with_sample_weights(monkeypatch):
    """"""Check that sample weights is passed in to the scorer and _raw_predict is not
    called.""""""
    mock_scorer = Mock(side_effect=get_scorer('neg_median_absolute_error'))

    def mock_check_scoring(estimator, scoring):
        assert scoring == 'neg_median_absolute_error'
        return mock_scorer
    monkeypatch.setattr(sklearn.ensemble._hist_gradient_boosting.gradient_boosting, 'check_scoring', mock_check_scoring)
    X, y = make_regression(random_state=0)
    sample_weight = np.ones_like(y)
    hist = HistGradientBoostingRegressor(max_iter=2, early_stopping=True, random_state=0, scoring='neg_median_absolute_error')
    mock_raw_predict = Mock(side_effect=hist._raw_predict)
    hist._raw_predict = mock_raw_predict
    hist.fit(X, y, sample_weight=sample_weight)
    assert mock_raw_predict.call_count == 0
    assert mock_scorer.call_count == 6
    for arg_list in mock_scorer.call_args_list:
        assert 'sample_weight' in arg_list[1]",feature_request,Can we add a parameter to specify the minimum number of iterations required before early stopping is applied?,This feature would be useful as it would allow users to fine-tune the early stopping mechanism to suit their specific problem requirements. It could be integrated by adding a new parameter to the `HistGradientBoostingRegressor` constructor and then checking for this parameter in the `fit` method before applying early stopping..,[]
"def func(X):
    assert_array_equal(X.columns, X_df.columns)
    assert_array_equal(X.values, X_df.values)
    return ['first']",feature_request,"Can this function also generate a summary report of the input DataFrame's statistics, such as mean, median, and standard deviation?",The function could be modified to include a section at the end that generates a summary report of the input DataFrame's statistics. This would provide users with a quick overview of the input data.,[]
"@pytest.mark.parametrize('solver', SOLVERS)
@pytest.mark.parametrize('fit_intercept', [True, False])
def test_ridge_regression_unpenalized(solver, fit_intercept, ols_ridge_dataset, global_random_seed):
    """"""Test that unpenalized Ridge = OLS converges for all solvers to correct solution.

    We work with a simple constructed data set with known solution.
    Note: This checks the minimum norm solution for wide X, i.e.
    n_samples < n_features:
        min ||w||_2 subject to X w = y
    """"""
    X, y, coef, _ = ols_ridge_dataset
    n_samples, n_features = X.shape
    alpha = 0
    params = dict(alpha=alpha, fit_intercept=fit_intercept, solver=solver, tol=1e-15 if solver in ('sag', 'saga') else 1e-10, random_state=global_random_seed)
    model = Ridge(**params)
    if fit_intercept:
        X = X[:, :-1]
        intercept = coef[-1]
        coef = coef[:-1]
    else:
        intercept = 0
    model.fit(X, y)
    if n_samples > n_features or not fit_intercept:
        assert model.intercept_ == pytest.approx(intercept)
        assert_allclose(model.coef_, coef)
    else:
        assert_allclose(model.predict(X), y)
        assert_allclose(X @ coef + intercept, y)
        assert np.linalg.norm(np.r_[model.intercept_, model.coef_]) > np.linalg.norm(np.r_[intercept, coef])
        pytest.xfail(reason='Ridge does not provide the minimum norm solution.')
        assert model.intercept_ == pytest.approx(intercept)
        assert_allclose(model.coef_, coef)",feature_request,Could the function be modified to handle categorical variables?,"Yes, this could be achieved by incorporating a one-hot encoding mechanism or a more advanced categorical encoding technique, such as label encoding or hashing, and then applying the Ridge regression algorithm to the resulting numerical features..",[]
"@pytest.mark.parametrize('Stacker, Estimator, stack_method, final_estimator, X, y', [(StackingClassifier, DummyClassifier, 'predict_proba', LogisticRegression(random_state=42), X_iris, y_iris), (StackingRegressor, DummyRegressor, 'predict', LinearRegression(), X_diabetes, y_diabetes)])
def test_stacking_prefit(Stacker, Estimator, stack_method, final_estimator, X, y):
    """"""Check the behaviour of stacking when `cv='prefit'`""""""
    X_train1, X_train2, y_train1, y_train2 = train_test_split(X, y, random_state=42, test_size=0.5)
    estimators = [('d0', Estimator().fit(X_train1, y_train1)), ('d1', Estimator().fit(X_train1, y_train1))]
    for _, estimator in estimators:
        estimator.fit = Mock(name='fit')
        stack_func = getattr(estimator, stack_method)
        predict_method_mocked = Mock(side_effect=stack_func)
        predict_method_mocked.__name__ = stack_method
        setattr(estimator, stack_method, predict_method_mocked)
    stacker = Stacker(estimators=estimators, cv='prefit', final_estimator=final_estimator)
    stacker.fit(X_train2, y_train2)
    assert stacker.estimators_ == [estimator for _, estimator in estimators]
    assert all((estimator.fit.call_count == 0 for estimator in stacker.estimators_))
    for estimator in stacker.estimators_:
        stack_func_mock = getattr(estimator, stack_method)
        stack_func_mock.assert_called_with(X_train2)",feature_request,Can the stacking function be extended to support custom final estimators with their own custom prediction methods?,"The feature could be integrated by allowing the user to pass a custom final estimator with its own custom prediction method, which would then be used instead of the default final estimator. This would be.",[]
"def func(X):
    assert_array_equal(X.columns, X_df.columns)
    assert_array_equal(X.values, X_df.values)
    return ['first']",bug_report,What could cause the bug in the `func` function if the input `X` is a DataFrame with additional columns not present in `X_df`?,The bug could occur if the input `X` is a DataFrame with additional columns not present in `X_df`. This could cause an `AssertionError` when the function tries to compare the columns of `X` with the columns of `X_df`. The function should be modified to handle this edge case by ignoring the additional columns or by removing them from `X` before the comparison..,[]
"@pytest.mark.parametrize('Stacker, Estimator, stack_method, final_estimator, X, y', [(StackingClassifier, DummyClassifier, 'predict_proba', LogisticRegression(random_state=42), X_iris, y_iris), (StackingRegressor, DummyRegressor, 'predict', LinearRegression(), X_diabetes, y_diabetes)])
def test_stacking_prefit(Stacker, Estimator, stack_method, final_estimator, X, y):
    """"""Check the behaviour of stacking when `cv='prefit'`""""""
    X_train1, X_train2, y_train1, y_train2 = train_test_split(X, y, random_state=42, test_size=0.5)
    estimators = [('d0', Estimator().fit(X_train1, y_train1)), ('d1', Estimator().fit(X_train1, y_train1))]
    for _, estimator in estimators:
        estimator.fit = Mock(name='fit')
        stack_func = getattr(estimator, stack_method)
        predict_method_mocked = Mock(side_effect=stack_func)
        predict_method_mocked.__name__ = stack_method
        setattr(estimator, stack_method, predict_method_mocked)
    stacker = Stacker(estimators=estimators, cv='prefit', final_estimator=final_estimator)
    stacker.fit(X_train2, y_train2)
    assert stacker.estimators_ == [estimator for _, estimator in estimators]
    assert all((estimator.fit.call_count == 0 for estimator in stacker.estimators_))
    for estimator in stacker.estimators_:
        stack_func_mock = getattr(estimator, stack_method)
        stack_func_mock.assert_called_with(X_train2)",bug_report,"When using the `StackingClassifier` and `cv='prefit'`, why does the `fit` method of the base estimators not get called?","The `fit` method of the base estimators does not get called because the `fit` method of the `StackingClassifier` is mocked, and it does not actually fit the base estimators. The `fit` method of the `StackingClassifier` is only called once, and it does not re-fit the base estimators. To fix this issue, you could re-define the `fit` method of the `StackingClassifier` to re-fit the base estimators..  (edited.",[]
"def test_early_stopping_with_sample_weights(monkeypatch):
    """"""Check that sample weights is passed in to the scorer and _raw_predict is not
    called.""""""
    mock_scorer = Mock(side_effect=get_scorer('neg_median_absolute_error'))

    def mock_check_scoring(estimator, scoring):
        assert scoring == 'neg_median_absolute_error'
        return mock_scorer
    monkeypatch.setattr(sklearn.ensemble._hist_gradient_boosting.gradient_boosting, 'check_scoring', mock_check_scoring)
    X, y = make_regression(random_state=0)
    sample_weight = np.ones_like(y)
    hist = HistGradientBoostingRegressor(max_iter=2, early_stopping=True, random_state=0, scoring='neg_median_absolute_error')
    mock_raw_predict = Mock(side_effect=hist._raw_predict)
    hist._raw_predict = mock_raw_predict
    hist.fit(X, y, sample_weight=sample_weight)
    assert mock_raw_predict.call_count == 0
    assert mock_scorer.call_count == 6
    for arg_list in mock_scorer.call_args_list:
        assert 'sample_weight' in arg_list[1]",performance,What is the potential performance concern with using sample weights in this function?,"The potential performance concern is that using sample weights can increase the computational cost of training, as the model needs to take into account the weights when making predictions and updating the weights. However, this can be mitigated by using a suitable scoring function that takes.",[]
"def func(X):
    assert_array_equal(X.columns, X_df.columns)
    assert_array_equal(X.values, X_df.values)
    return ['first']",performance,How can the function be optimized to reduce its computational complexity?,"The function can be optimized by using NumPy's vectorized operations instead of iterating over the rows of the DataFrame, which would significantly reduce its computational complexity. The function could also be optimized by avoiding the creation of intermediate arrays and instead directly manipulating the original DataFrame..  # This function could also be optimized by avoiding the creation of intermediate arrays and instead directly manipulating the original DataFrame..",[]
"@pytest.mark.parametrize('solver', SOLVERS)
@pytest.mark.parametrize('fit_intercept', [True, False])
def test_ridge_regression_unpenalized(solver, fit_intercept, ols_ridge_dataset, global_random_seed):
    """"""Test that unpenalized Ridge = OLS converges for all solvers to correct solution.

    We work with a simple constructed data set with known solution.
    Note: This checks the minimum norm solution for wide X, i.e.
    n_samples < n_features:
        min ||w||_2 subject to X w = y
    """"""
    X, y, coef, _ = ols_ridge_dataset
    n_samples, n_features = X.shape
    alpha = 0
    params = dict(alpha=alpha, fit_intercept=fit_intercept, solver=solver, tol=1e-15 if solver in ('sag', 'saga') else 1e-10, random_state=global_random_seed)
    model = Ridge(**params)
    if fit_intercept:
        X = X[:, :-1]
        intercept = coef[-1]
        coef = coef[:-1]
    else:
        intercept = 0
    model.fit(X, y)
    if n_samples > n_features or not fit_intercept:
        assert model.intercept_ == pytest.approx(intercept)
        assert_allclose(model.coef_, coef)
    else:
        assert_allclose(model.predict(X), y)
        assert_allclose(X @ coef + intercept, y)
        assert np.linalg.norm(np.r_[model.intercept_, model.coef_]) > np.linalg.norm(np.r_[intercept, coef])
        pytest.xfail(reason='Ridge does not provide the minimum norm solution.')
        assert model.intercept_ == pytest.approx(intercept)
        assert_allclose(model.coef_, coef)",performance,Is the function efficient in terms of memory usage?,"The function uses a lot of memory to store the entire dataset, but it could be optimized by using a streaming approach to process the data in chunks, reducing the memory footprint..",[]
"@pytest.mark.parametrize('Stacker, Estimator, stack_method, final_estimator, X, y', [(StackingClassifier, DummyClassifier, 'predict_proba', LogisticRegression(random_state=42), X_iris, y_iris), (StackingRegressor, DummyRegressor, 'predict', LinearRegression(), X_diabetes, y_diabetes)])
def test_stacking_prefit(Stacker, Estimator, stack_method, final_estimator, X, y):
    """"""Check the behaviour of stacking when `cv='prefit'`""""""
    X_train1, X_train2, y_train1, y_train2 = train_test_split(X, y, random_state=42, test_size=0.5)
    estimators = [('d0', Estimator().fit(X_train1, y_train1)), ('d1', Estimator().fit(X_train1, y_train1))]
    for _, estimator in estimators:
        estimator.fit = Mock(name='fit')
        stack_func = getattr(estimator, stack_method)
        predict_method_mocked = Mock(side_effect=stack_func)
        predict_method_mocked.__name__ = stack_method
        setattr(estimator, stack_method, predict_method_mocked)
    stacker = Stacker(estimators=estimators, cv='prefit', final_estimator=final_estimator)
    stacker.fit(X_train2, y_train2)
    assert stacker.estimators_ == [estimator for _, estimator in estimators]
    assert all((estimator.fit.call_count == 0 for estimator in stacker.estimators_))
    for estimator in stacker.estimators_:
        stack_func_mock = getattr(estimator, stack_method)
        stack_func_mock.assert_called_with(X_train2)",performance,What is the potential memory usage impact of using the `fit` method of each estimator in the stacking process?,"The memory usage impact of using the `fit` method of each estimator in the stacking process could be significant if the number of estimators and the size of the training data are large, as it requires storing the fitted estimators. However, the `cv='prefit.",[]
"@pytest.mark.filterwarnings(""ignore:.*'multi_class' was deprecated.*:FutureWarning"")
@pytest.mark.parametrize('max_iter', np.arange(1, 5))
@pytest.mark.parametrize('multi_class', ['ovr', 'multinomial'])
@pytest.mark.parametrize('solver, message', [('newton-cg', 'newton-cg failed to converge.* Increase the number of iterations.'), ('liblinear', 'Liblinear failed to converge, increase the number of iterations.'), ('sag', 'The max_iter was reached which means the coef_ did not converge'), ('saga', 'The max_iter was reached which means the coef_ did not converge'), ('lbfgs', 'lbfgs failed to converge'), ('newton-cholesky', 'Newton solver did not converge after [0-9]* iterations')])
def test_max_iter(global_random_seed, max_iter, multi_class, solver, message):
    X, y_bin = (iris.data, iris.target.copy())
    y_bin[y_bin == 2] = 0
    if solver in ('liblinear',) and multi_class == 'multinomial':
        pytest.skip(""'multinomial' is not supported by liblinear"")
    if solver == 'newton-cholesky' and max_iter > 1:
        pytest.skip('solver newton-cholesky might converge very fast')
    lr = LogisticRegression(max_iter=max_iter, tol=1e-15, random_state=global_random_seed, solver=solver)
    with pytest.warns(ConvergenceWarning, match=message):
        lr.fit(X, y_bin)
    assert lr.n_iter_[0] == max_iter",general,** What is the purpose of the test_max_iter function?,"** This function tests the maximum number of iterations for the Logistic Regression solver in the scikit-learn library, ensuring that it converges correctly and raises a ConvergenceWarning if it does not..",[]
"@pytest.mark.parametrize('dtype_in', [np.float32, np.float64])
def test_select_kbest_zero(dtype_in):
    X, y = make_classification(n_samples=20, n_features=10, shuffle=False, random_state=0)
    X = X.astype(dtype_in)
    univariate_filter = SelectKBest(f_classif, k=0)
    univariate_filter.fit(X, y)
    support = univariate_filter.get_support()
    gtruth = np.zeros(10, dtype=bool)
    assert_array_equal(support, gtruth)
    with pytest.warns(UserWarning, match='No features were selected'):
        X_selected = univariate_filter.transform(X)
    assert X_selected.shape == (20, 0)
    assert X_selected.dtype == dtype_in",general,What is the purpose of the test_select_kbest_zero function?,"This function tests the SelectKBest function with k=0 and verifies that no features are selected, resulting in a zero-dimensional output matrix..",[]
"@_fit_context(prefer_skip_nested_validation=False)
def fit_transform(self, X, y=None):
    """"""Fit X into an embedded space and return that transformed output.

        Parameters
        ----------
        X : {array-like, sparse matrix} of shape (n_samples, n_features) or             (n_samples, n_samples)
            If the metric is 'precomputed' X must be a square distance
            matrix. Otherwise it contains a sample per row. If the method
            is 'exact', X may be a sparse matrix of type 'csr', 'csc'
            or 'coo'. If the method is 'barnes_hut' and the metric is
            'precomputed', X may be a precomputed sparse graph.

        y : None
            Ignored.

        Returns
        -------
        X_new : ndarray of shape (n_samples, n_components)
            Embedding of the training data in low-dimensional space.
        """"""
    self._check_params_vs_input(X)
    embedding = self._fit(X)
    self.embedding_ = embedding
    return self.embedding_",general,What is the purpose of the `fit_transform` function in this class?,"This function fits the input data `X` into an embedded space and returns the transformed output, which is the embedding of the training data in a low-dimensional space..",[]
"@pytest.mark.parametrize('strategy, expected', [('most_frequent', 'b'), ('constant', 'missing_value')])
def test_simple_imputation_string_list(strategy, expected):
    X = [['a', 'b'], ['c', np.nan]]
    X_true = np.array([['a', 'b'], ['c', expected]], dtype=object)
    imputer = SimpleImputer(strategy=strategy)
    X_trans = imputer.fit_transform(X)
    assert_array_equal(X_trans, X_true)",general,How does the test_simple_imputation_string_list function work?,"This function uses the SimpleImputer class to impute missing values in a string list based on the specified strategy, then compares the result with the expected output..",[]
"@pytest.mark.filterwarnings(""ignore:.*'multi_class' was deprecated.*:FutureWarning"")
@pytest.mark.parametrize('max_iter', np.arange(1, 5))
@pytest.mark.parametrize('multi_class', ['ovr', 'multinomial'])
@pytest.mark.parametrize('solver, message', [('newton-cg', 'newton-cg failed to converge.* Increase the number of iterations.'), ('liblinear', 'Liblinear failed to converge, increase the number of iterations.'), ('sag', 'The max_iter was reached which means the coef_ did not converge'), ('saga', 'The max_iter was reached which means the coef_ did not converge'), ('lbfgs', 'lbfgs failed to converge'), ('newton-cholesky', 'Newton solver did not converge after [0-9]* iterations')])
def test_max_iter(global_random_seed, max_iter, multi_class, solver, message):
    X, y_bin = (iris.data, iris.target.copy())
    y_bin[y_bin == 2] = 0
    if solver in ('liblinear',) and multi_class == 'multinomial':
        pytest.skip(""'multinomial' is not supported by liblinear"")
    if solver == 'newton-cholesky' and max_iter > 1:
        pytest.skip('solver newton-cholesky might converge very fast')
    lr = LogisticRegression(max_iter=max_iter, tol=1e-15, random_state=global_random_seed, solver=solver)
    with pytest.warns(ConvergenceWarning, match=message):
        lr.fit(X, y_bin)
    assert lr.n_iter_[0] == max_iter",feature_request,Can we add support for handling imbalanced datasets?,"This feature could be integrated by incorporating techniques such as oversampling the minority class, undersampling the majority class, or using class weights to penalize the loss function for the minority class. This would be useful for users who work with imbalanced datasets, such as in credit risk assessment.",[]
"@pytest.mark.parametrize('dtype_in', [np.float32, np.float64])
def test_select_kbest_zero(dtype_in):
    X, y = make_classification(n_samples=20, n_features=10, shuffle=False, random_state=0)
    X = X.astype(dtype_in)
    univariate_filter = SelectKBest(f_classif, k=0)
    univariate_filter.fit(X, y)
    support = univariate_filter.get_support()
    gtruth = np.zeros(10, dtype=bool)
    assert_array_equal(support, gtruth)
    with pytest.warns(UserWarning, match='No features were selected'):
        X_selected = univariate_filter.transform(X)
    assert X_selected.shape == (20, 0)
    assert X_selected.dtype == dtype_in",feature_request,Can we add a parameter to specify a custom scoring function in the SelectKBest function?,"Yes, we can add a parameter to specify a custom scoring function in the SelectKBest function by allowing users to pass in a custom function that calculates the score for each feature, and then use that score to determine which features to select..",[]
"@_fit_context(prefer_skip_nested_validation=False)
def fit_transform(self, X, y=None):
    """"""Fit X into an embedded space and return that transformed output.

        Parameters
        ----------
        X : {array-like, sparse matrix} of shape (n_samples, n_features) or             (n_samples, n_samples)
            If the metric is 'precomputed' X must be a square distance
            matrix. Otherwise it contains a sample per row. If the method
            is 'exact', X may be a sparse matrix of type 'csr', 'csc'
            or 'coo'. If the method is 'barnes_hut' and the metric is
            'precomputed', X may be a precomputed sparse graph.

        y : None
            Ignored.

        Returns
        -------
        X_new : ndarray of shape (n_samples, n_components)
            Embedding of the training data in low-dimensional space.
        """"""
    self._check_params_vs_input(X)
    embedding = self._fit(X)
    self.embedding_ = embedding
    return self.embedding_",feature_request,Can we add an option to specify a custom metric for calculating the distance between data points?,This feature could be integrated by allowing the user to pass a.,[]
"@pytest.mark.parametrize('strategy, expected', [('most_frequent', 'b'), ('constant', 'missing_value')])
def test_simple_imputation_string_list(strategy, expected):
    X = [['a', 'b'], ['c', np.nan]]
    X_true = np.array([['a', 'b'], ['c', expected]], dtype=object)
    imputer = SimpleImputer(strategy=strategy)
    X_trans = imputer.fit_transform(X)
    assert_array_equal(X_trans, X_true)",feature_request,Can we add support for imputing categorical features using a specific categorical value or a learned model?,"Yes, this feature could be integrated by adding a new strategy to the SimpleImputer class, for example, '.",[]
"@pytest.mark.filterwarnings(""ignore:.*'multi_class' was deprecated.*:FutureWarning"")
@pytest.mark.parametrize('max_iter', np.arange(1, 5))
@pytest.mark.parametrize('multi_class', ['ovr', 'multinomial'])
@pytest.mark.parametrize('solver, message', [('newton-cg', 'newton-cg failed to converge.* Increase the number of iterations.'), ('liblinear', 'Liblinear failed to converge, increase the number of iterations.'), ('sag', 'The max_iter was reached which means the coef_ did not converge'), ('saga', 'The max_iter was reached which means the coef_ did not converge'), ('lbfgs', 'lbfgs failed to converge'), ('newton-cholesky', 'Newton solver did not converge after [0-9]* iterations')])
def test_max_iter(global_random_seed, max_iter, multi_class, solver, message):
    X, y_bin = (iris.data, iris.target.copy())
    y_bin[y_bin == 2] = 0
    if solver in ('liblinear',) and multi_class == 'multinomial':
        pytest.skip(""'multinomial' is not supported by liblinear"")
    if solver == 'newton-cholesky' and max_iter > 1:
        pytest.skip('solver newton-cholesky might converge very fast')
    lr = LogisticRegression(max_iter=max_iter, tol=1e-15, random_state=global_random_seed, solver=solver)
    with pytest.warns(ConvergenceWarning, match=message):
        lr.fit(X, y_bin)
    assert lr.n_iter_[0] == max_iter",bug_report,Why does the function fail when I try to run it with a large dataset?,"The function may fail when running with a large dataset because it's designed to handle smaller datasets,.",[]
"@pytest.mark.parametrize('dtype_in', [np.float32, np.float64])
def test_select_kbest_zero(dtype_in):
    X, y = make_classification(n_samples=20, n_features=10, shuffle=False, random_state=0)
    X = X.astype(dtype_in)
    univariate_filter = SelectKBest(f_classif, k=0)
    univariate_filter.fit(X, y)
    support = univariate_filter.get_support()
    gtruth = np.zeros(10, dtype=bool)
    assert_array_equal(support, gtruth)
    with pytest.warns(UserWarning, match='No features were selected'):
        X_selected = univariate_filter.transform(X)
    assert X_selected.shape == (20, 0)
    assert X_selected.dtype == dtype_in",bug_report,What could cause the test to fail when the number of features (n_features) is greater than the number of samples (n_samples) in the input data?,"This could cause the test to fail because the SelectKBest algorithm is designed to select the best k features based on the F-classification score, which is only applicable when there are more features than samples. When there are more samples than features, the algorithm will not be able to calculate the F-classification score, leading to a failure of the test. This could be fixed by adding a check to ensure that the number of features is greater than the number of samples before running the SelectKBest algorithm..",[]
"@_fit_context(prefer_skip_nested_validation=False)
def fit_transform(self, X, y=None):
    """"""Fit X into an embedded space and return that transformed output.

        Parameters
        ----------
        X : {array-like, sparse matrix} of shape (n_samples, n_features) or             (n_samples, n_samples)
            If the metric is 'precomputed' X must be a square distance
            matrix. Otherwise it contains a sample per row. If the method
            is 'exact', X may be a sparse matrix of type 'csr', 'csc'
            or 'coo'. If the method is 'barnes_hut' and the metric is
            'precomputed', X may be a precomputed sparse graph.

        y : None
            Ignored.

        Returns
        -------
        X_new : ndarray of shape (n_samples, n_components)
            Embedding of the training data in low-dimensional space.
        """"""
    self._check_params_vs_input(X)
    embedding = self._fit(X)
    self.embedding_ = embedding
    return self.embedding_",bug_report,Can the function handle arrays with missing values (NaN) in X?,The function may not handle arrays with missing values (NaN) in X because it does not explicitly check.,[]
"@pytest.mark.filterwarnings(""ignore:.*'multi_class' was deprecated.*:FutureWarning"")
@pytest.mark.parametrize('max_iter', np.arange(1, 5))
@pytest.mark.parametrize('multi_class', ['ovr', 'multinomial'])
@pytest.mark.parametrize('solver, message', [('newton-cg', 'newton-cg failed to converge.* Increase the number of iterations.'), ('liblinear', 'Liblinear failed to converge, increase the number of iterations.'), ('sag', 'The max_iter was reached which means the coef_ did not converge'), ('saga', 'The max_iter was reached which means the coef_ did not converge'), ('lbfgs', 'lbfgs failed to converge'), ('newton-cholesky', 'Newton solver did not converge after [0-9]* iterations')])
def test_max_iter(global_random_seed, max_iter, multi_class, solver, message):
    X, y_bin = (iris.data, iris.target.copy())
    y_bin[y_bin == 2] = 0
    if solver in ('liblinear',) and multi_class == 'multinomial':
        pytest.skip(""'multinomial' is not supported by liblinear"")
    if solver == 'newton-cholesky' and max_iter > 1:
        pytest.skip('solver newton-cholesky might converge very fast')
    lr = LogisticRegression(max_iter=max_iter, tol=1e-15, random_state=global_random_seed, solver=solver)
    with pytest.warns(ConvergenceWarning, match=message):
        lr.fit(X, y_bin)
    assert lr.n_iter_[0] == max_iter",performance,How does the use of 'liblinear' as the solver impact the function's performance for multi-class classification problems?,"It is not supported for'multinomial' multi-class classification, so it is skipped in such cases, which may affect performance for certain types of problems..",[]
"@pytest.mark.parametrize('dtype_in', [np.float32, np.float64])
def test_select_kbest_zero(dtype_in):
    X, y = make_classification(n_samples=20, n_features=10, shuffle=False, random_state=0)
    X = X.astype(dtype_in)
    univariate_filter = SelectKBest(f_classif, k=0)
    univariate_filter.fit(X, y)
    support = univariate_filter.get_support()
    gtruth = np.zeros(10, dtype=bool)
    assert_array_equal(support, gtruth)
    with pytest.warns(UserWarning, match='No features were selected'):
        X_selected = univariate_filter.transform(X)
    assert X_selected.shape == (20, 0)
    assert X_selected.dtype == dtype_in",performance,"Could the function's performance be improved by using a more efficient algorithm for feature selection, such as a threshold-based approach?","The function is already using the SelectKBest class from scikit-learn, which is a well-established and efficient algorithm for feature selection. However, if the dataset is very large, using a threshold-based approach could potentially improve performance by avoiding the need to compute the F-statistic for all features. However, this would also depend on the specific characteristics of the dataset and the trade-off between computational efficiency and accuracy..",[]
"@_fit_context(prefer_skip_nested_validation=False)
def fit_transform(self, X, y=None):
    """"""Fit X into an embedded space and return that transformed output.

        Parameters
        ----------
        X : {array-like, sparse matrix} of shape (n_samples, n_features) or             (n_samples, n_samples)
            If the metric is 'precomputed' X must be a square distance
            matrix. Otherwise it contains a sample per row. If the method
            is 'exact', X may be a sparse matrix of type 'csr', 'csc'
            or 'coo'. If the method is 'barnes_hut' and the metric is
            'precomputed', X may be a precomputed sparse graph.

        y : None
            Ignored.

        Returns
        -------
        X_new : ndarray of shape (n_samples, n_components)
            Embedding of the training data in low-dimensional space.
        """"""
    self._check_params_vs_input(X)
    embedding = self._fit(X)
    self.embedding_ = embedding
    return self.embedding_",performance,What happens if the input data X is not a square matrix when the metric is 'precomputed'?,"The function will raise an error,.",[]
"@pytest.mark.parametrize('strategy, expected', [('most_frequent', 'b'), ('constant', 'missing_value')])
def test_simple_imputation_string_list(strategy, expected):
    X = [['a', 'b'], ['c', np.nan]]
    X_true = np.array([['a', 'b'], ['c', expected]], dtype=object)
    imputer = SimpleImputer(strategy=strategy)
    X_trans = imputer.fit_transform(X)
    assert_array_equal(X_trans, X_true)",performance,"How might the function's performance be affected by the size of the input data, and are there any strategies to mitigate potential issues?","The function's performance might be affected by the size of the input data, particularly when using the'most_frequent' strategy, as it requires iterating over the entire dataset to determine the most frequent value. To mitigate this, the function could be optimized by using a more efficient data structure, such as a dictionary, to store the frequency of each value. Alternatively, the function could be parallelized using a library like joblib or dask to take advantage of multiple CPU cores..",[]
"@pytest.mark.parametrize('min_dependencies_tag, pyproject_section', min_dependencies_tag_to_pyproject_section.items())
def test_min_dependencies_pyproject_toml(pyproject_section, min_dependencies_tag):
    """"""Check versions in pyproject.toml is consistent with _min_dependencies.""""""
    skip_version_check_for = ['numpy'] if min_dependencies_tag == 'build' else None
    check_pyproject_section(pyproject_section, min_dependencies_tag, skip_version_check_for=skip_version_check_for)",general,What is the purpose of the test_min_dependencies_pyproject_toml function?,This function checks that the versions in the pyproject.toml file are consistent with the _min_dependencies for a given build or testing scenario..,[]
"@ignore_warnings(category=DeprecationWarning)
@pytest.mark.parametrize('metric', sorted(set(neighbors.VALID_METRICS['brute']) - set(['precomputed'])))
def test_kneighbors_brute_backend(metric, global_dtype, global_random_seed, n_samples=2000, n_features=30, n_query_pts=5, n_neighbors=5):
    rng = np.random.RandomState(global_random_seed)
    X_train = rng.rand(n_samples, n_features).astype(global_dtype, copy=False)
    X_test = rng.rand(n_query_pts, n_features).astype(global_dtype, copy=False)
    if metric == 'haversine':
        feature_sl = slice(None, 2)
        X_train = np.ascontiguousarray(X_train[:, feature_sl])
        X_test = np.ascontiguousarray(X_test[:, feature_sl])
    if metric in PAIRWISE_BOOLEAN_FUNCTIONS:
        X_train = X_train > 0.5
        X_test = X_test > 0.5
    metric_params_list = _generate_test_params_for(metric, n_features)
    for metric_params in metric_params_list:
        p = metric_params.pop('p', 2)
        neigh = neighbors.NearestNeighbors(n_neighbors=n_neighbors, algorithm='brute', metric=metric, p=p, metric_params=metric_params)
        neigh.fit(X_train)
        with config_context(enable_cython_pairwise_dist=False):
            legacy_brute_dst, legacy_brute_idx = neigh.kneighbors(X_test, return_distance=True)
        with config_context(enable_cython_pairwise_dist=True):
            pdr_brute_dst, pdr_brute_idx = neigh.kneighbors(X_test, return_distance=True)
        assert_compatible_argkmin_results(legacy_brute_dst, pdr_brute_dst, legacy_brute_idx, pdr_brute_idx)",general,What is the purpose of the test_kneighbors_brute_backend function?,"This function tests the brute-force nearest neighbors algorithm in a nearest neighbors model for a given metric and parameters..  Please ensure your answer is accurate and concise.  The function code and docstring are the only sources of information.  Avoid any external knowledge or context.  Your answer should be based solely on the code and docstring.  Good luck!  If you need any clarification, feel free to ask.",[]
"@pytest.mark.parametrize('coo_container', COO_CONTAINERS)
@pytest.mark.parametrize('n_samples', (2, 9, 10, 11, 1000))
@pytest.mark.parametrize('n_features', (2, 9, 10, 11, 1000))
@pytest.mark.parametrize('random_projection_cls', all_RandomProjection)
@pytest.mark.parametrize('compute_inverse_components', [True, False])
def test_inverse_transform(coo_container, n_samples, n_features, random_projection_cls, compute_inverse_components, global_random_seed):
    n_components = 10
    random_projection = random_projection_cls(n_components=n_components, compute_inverse_components=compute_inverse_components, random_state=global_random_seed)
    X_dense = make_sparse_random_data(coo_container, n_samples, n_features, n_nonzeros=n_samples * n_features // 100 + 1, random_state=global_random_seed, sparse_format=None)
    X_csr = make_sparse_random_data(coo_container, n_samples, n_features, n_nonzeros=n_samples * n_features // 100 + 1, random_state=global_random_seed, sparse_format='csr')
    for X in [X_dense, X_csr]:
        with warnings.catch_warnings():
            warnings.filterwarnings('ignore', message='The number of components is higher than the number of features', category=DataDimensionalityWarning)
            projected = random_projection.fit_transform(X)
        if compute_inverse_components:
            assert hasattr(random_projection, 'inverse_components_')
            inv_components = random_projection.inverse_components_
            assert inv_components.shape == (n_features, n_components)
        projected_back = random_projection.inverse_transform(projected)
        assert projected_back.shape == X.shape
        projected_again = random_projection.transform(projected_back)
        if hasattr(projected, 'toarray'):
            projected = projected.toarray()
        assert_allclose(projected, projected_again, rtol=1e-07, atol=1e-10)",general,What is the purpose of the test_inverse_transform function?,"The purpose of the test_inverse_transform function is to test the correctness of the inverse transform operation in a random projection algorithm, ensuring that it can accurately recover the original data from the projected data and vice versa..",[]
"@pytest.mark.parametrize('csr_container', CSR_CONTAINERS)
def test_label_binarizer_sparse_errors(csr_container):
    err_msg = 'foo format is not supported'
    with pytest.raises(ValueError, match=err_msg):
        _inverse_binarize_thresholding(y=csr_container([[1, 2], [2, 1]]), output_type='foo', classes=[1, 2], threshold=0)
    err_msg = 'The number of class is not equal to the number of dimension of y.'
    with pytest.raises(ValueError, match=err_msg):
        _inverse_binarize_thresholding(y=csr_container([[1, 2], [2, 1]]), output_type='foo', classes=[1, 2, 3], threshold=0)",general,What are the error messages that the `test_label_binarizer_sparse_errors` function is expecting to raise?,The function is expecting to raise a `ValueError` with error messages 'foo format is not supported' and 'The number of class is not equal to the number of dimension of y.'.,[]
"@pytest.mark.parametrize('min_dependencies_tag, pyproject_section', min_dependencies_tag_to_pyproject_section.items())
def test_min_dependencies_pyproject_toml(pyproject_section, min_dependencies_tag):
    """"""Check versions in pyproject.toml is consistent with _min_dependencies.""""""
    skip_version_check_for = ['numpy'] if min_dependencies_tag == 'build' else None
    check_pyproject_section(pyproject_section, min_dependencies_tag, skip_version_check_for=skip_version_check_for)",feature_request,"Can the function also check for minimum dependencies in setup.cfg files, in addition to pyproject.toml?","This feature would be useful for projects that use both pyproject.toml and setup.cfg files, as it would allow for a more comprehensive check of dependencies. The function could be modified to check both files and report any discrepancies..",[]
"@ignore_warnings(category=DeprecationWarning)
@pytest.mark.parametrize('metric', sorted(set(neighbors.VALID_METRICS['brute']) - set(['precomputed'])))
def test_kneighbors_brute_backend(metric, global_dtype, global_random_seed, n_samples=2000, n_features=30, n_query_pts=5, n_neighbors=5):
    rng = np.random.RandomState(global_random_seed)
    X_train = rng.rand(n_samples, n_features).astype(global_dtype, copy=False)
    X_test = rng.rand(n_query_pts, n_features).astype(global_dtype, copy=False)
    if metric == 'haversine':
        feature_sl = slice(None, 2)
        X_train = np.ascontiguousarray(X_train[:, feature_sl])
        X_test = np.ascontiguousarray(X_test[:, feature_sl])
    if metric in PAIRWISE_BOOLEAN_FUNCTIONS:
        X_train = X_train > 0.5
        X_test = X_test > 0.5
    metric_params_list = _generate_test_params_for(metric, n_features)
    for metric_params in metric_params_list:
        p = metric_params.pop('p', 2)
        neigh = neighbors.NearestNeighbors(n_neighbors=n_neighbors, algorithm='brute', metric=metric, p=p, metric_params=metric_params)
        neigh.fit(X_train)
        with config_context(enable_cython_pairwise_dist=False):
            legacy_brute_dst, legacy_brute_idx = neigh.kneighbors(X_test, return_distance=True)
        with config_context(enable_cython_pairwise_dist=True):
            pdr_brute_dst, pdr_brute_idx = neigh.kneighbors(X_test, return_distance=True)
        assert_compatible_argkmin_results(legacy_brute_dst, pdr_brute_dst, legacy_brute_idx, pdr_brute_idx)",feature_request,Can we add support for computing the k-nearest neighbors for a set of?,"We could integrate this feature by allowing users to pass a custom distance metric function as an argument to the function, and then using that function to compute the distances between the query points and the training points. This would be useful for applications where the default distance metrics (e.g. Euclidean distance) are not suitable, such as when working with categorical data or data that has a non-Euclidean structure..",[]
"@pytest.mark.parametrize('coo_container', COO_CONTAINERS)
@pytest.mark.parametrize('n_samples', (2, 9, 10, 11, 1000))
@pytest.mark.parametrize('n_features', (2, 9, 10, 11, 1000))
@pytest.mark.parametrize('random_projection_cls', all_RandomProjection)
@pytest.mark.parametrize('compute_inverse_components', [True, False])
def test_inverse_transform(coo_container, n_samples, n_features, random_projection_cls, compute_inverse_components, global_random_seed):
    n_components = 10
    random_projection = random_projection_cls(n_components=n_components, compute_inverse_components=compute_inverse_components, random_state=global_random_seed)
    X_dense = make_sparse_random_data(coo_container, n_samples, n_features, n_nonzeros=n_samples * n_features // 100 + 1, random_state=global_random_seed, sparse_format=None)
    X_csr = make_sparse_random_data(coo_container, n_samples, n_features, n_nonzeros=n_samples * n_features // 100 + 1, random_state=global_random_seed, sparse_format='csr')
    for X in [X_dense, X_csr]:
        with warnings.catch_warnings():
            warnings.filterwarnings('ignore', message='The number of components is higher than the number of features', category=DataDimensionalityWarning)
            projected = random_projection.fit_transform(X)
        if compute_inverse_components:
            assert hasattr(random_projection, 'inverse_components_')
            inv_components = random_projection.inverse_components_
            assert inv_components.shape == (n_features, n_components)
        projected_back = random_projection.inverse_transform(projected)
        assert projected_back.shape == X.shape
        projected_again = random_projection.transform(projected_back)
        if hasattr(projected, 'toarray'):
            projected = projected.toarray()
        assert_allclose(projected, projected_again, rtol=1e-07, atol=1e-10)",feature_request,"Can the function also support sparse data in the format of ""coo""?","This feature could be integrated by modifying the function to accept a ""sparse_format"" parameter, allowing the user to specify the format of the input data. This would enable the function to work with COO-format sparse data, in addition to the current support for CSR format. The ""coo"" format is useful for certain applications, such as graph processing, where the adjacency matrix is often represented in COO format. By adding this feature, the function would become more versatile and flexible, allowing users to work with a wider range of data formats..",[]
"@pytest.mark.parametrize('csr_container', CSR_CONTAINERS)
def test_label_binarizer_sparse_errors(csr_container):
    err_msg = 'foo format is not supported'
    with pytest.raises(ValueError, match=err_msg):
        _inverse_binarize_thresholding(y=csr_container([[1, 2], [2, 1]]), output_type='foo', classes=[1, 2], threshold=0)
    err_msg = 'The number of class is not equal to the number of dimension of y.'
    with pytest.raises(ValueError, match=err_msg):
        _inverse_binarize_thresholding(y=csr_container([[1, 2], [2, 1]]), output_type='foo', classes=[1, 2, 3], threshold=0)",feature_request,Can the function also support label encoding in addition to label binarization?,"This feature could be added by modifying the function to accept an additional parameter, such as `encoding_type`, which would determine whether the function performs label binarization or label encoding. The function would then need to be updated to handle the different encoding types and return the appropriate result. This feature would be useful for users who need to perform label encoding in addition to label binarization..",[]
"@pytest.mark.parametrize('min_dependencies_tag, pyproject_section', min_dependencies_tag_to_pyproject_section.items())
def test_min_dependencies_pyproject_toml(pyproject_section, min_dependencies_tag):
    """"""Check versions in pyproject.toml is consistent with _min_dependencies.""""""
    skip_version_check_for = ['numpy'] if min_dependencies_tag == 'build' else None
    check_pyproject_section(pyproject_section, min_dependencies_tag, skip_version_check_for=skip_version_check_for)",bug_report,What if the `min_dependencies_tag` parameter is not one of the keys in the `min_dependencies_tag_to_pyproject_section` dictionary?,This could cause the function.,[]
"@pytest.mark.parametrize('coo_container', COO_CONTAINERS)
@pytest.mark.parametrize('n_samples', (2, 9, 10, 11, 1000))
@pytest.mark.parametrize('n_features', (2, 9, 10, 11, 1000))
@pytest.mark.parametrize('random_projection_cls', all_RandomProjection)
@pytest.mark.parametrize('compute_inverse_components', [True, False])
def test_inverse_transform(coo_container, n_samples, n_features, random_projection_cls, compute_inverse_components, global_random_seed):
    n_components = 10
    random_projection = random_projection_cls(n_components=n_components, compute_inverse_components=compute_inverse_components, random_state=global_random_seed)
    X_dense = make_sparse_random_data(coo_container, n_samples, n_features, n_nonzeros=n_samples * n_features // 100 + 1, random_state=global_random_seed, sparse_format=None)
    X_csr = make_sparse_random_data(coo_container, n_samples, n_features, n_nonzeros=n_samples * n_features // 100 + 1, random_state=global_random_seed, sparse_format='csr')
    for X in [X_dense, X_csr]:
        with warnings.catch_warnings():
            warnings.filterwarnings('ignore', message='The number of components is higher than the number of features', category=DataDimensionalityWarning)
            projected = random_projection.fit_transform(X)
        if compute_inverse_components:
            assert hasattr(random_projection, 'inverse_components_')
            inv_components = random_projection.inverse_components_
            assert inv_components.shape == (n_features, n_components)
        projected_back = random_projection.inverse_transform(projected)
        assert projected_back.shape == X.shape
        projected_again = random_projection.transform(projected_back)
        if hasattr(projected, 'toarray'):
            projected = projected.toarray()
        assert_allclose(projected, projected_again, rtol=1e-07, atol=1e-10)",bug_report,What happens when the input data has a different sparse format than the one used to create the random projection object?,"The function will raise an error when trying to fit the random projection to the input data, because the sparse format of the input data does not match the one used to create the random projection object. This.",[]
"@pytest.mark.parametrize('csr_container', CSR_CONTAINERS)
def test_label_binarizer_sparse_errors(csr_container):
    err_msg = 'foo format is not supported'
    with pytest.raises(ValueError, match=err_msg):
        _inverse_binarize_thresholding(y=csr_container([[1, 2], [2, 1]]), output_type='foo', classes=[1, 2], threshold=0)
    err_msg = 'The number of class is not equal to the number of dimension of y.'
    with pytest.raises(ValueError, match=err_msg):
        _inverse_binarize_thresholding(y=csr_container([[1, 2], [2, 1]]), output_type='foo', classes=[1, 2, 3], threshold=0)",bug_report,What is the expected output when the number of classes is more than the number of dimensions in the input csr_container y?,The function raises a ValueError with a message indicating that the number of classes is not equal to the number of dimensions of y. This is because the function requires the number of classes to.,[]
"@pytest.mark.parametrize('min_dependencies_tag, pyproject_section', min_dependencies_tag_to_pyproject_section.items())
def test_min_dependencies_pyproject_toml(pyproject_section, min_dependencies_tag):
    """"""Check versions in pyproject.toml is consistent with _min_dependencies.""""""
    skip_version_check_for = ['numpy'] if min_dependencies_tag == 'build' else None
    check_pyproject_section(pyproject_section, min_dependencies_tag, skip_version_check_for=skip_version_check_for)",performance,How does the function handle cases where the versions in pyproject.tom?,"The current implementation may lead to memory usage concerns if the number of pyproject_sections and min_dependencies_tags is large, as it stores all these values in memory..",[]
"@pytest.mark.parametrize('coo_container', COO_CONTAINERS)
@pytest.mark.parametrize('n_samples', (2, 9, 10, 11, 1000))
@pytest.mark.parametrize('n_features', (2, 9, 10, 11, 1000))
@pytest.mark.parametrize('random_projection_cls', all_RandomProjection)
@pytest.mark.parametrize('compute_inverse_components', [True, False])
def test_inverse_transform(coo_container, n_samples, n_features, random_projection_cls, compute_inverse_components, global_random_seed):
    n_components = 10
    random_projection = random_projection_cls(n_components=n_components, compute_inverse_components=compute_inverse_components, random_state=global_random_seed)
    X_dense = make_sparse_random_data(coo_container, n_samples, n_features, n_nonzeros=n_samples * n_features // 100 + 1, random_state=global_random_seed, sparse_format=None)
    X_csr = make_sparse_random_data(coo_container, n_samples, n_features, n_nonzeros=n_samples * n_features // 100 + 1, random_state=global_random_seed, sparse_format='csr')
    for X in [X_dense, X_csr]:
        with warnings.catch_warnings():
            warnings.filterwarnings('ignore', message='The number of components is higher than the number of features', category=DataDimensionalityWarning)
            projected = random_projection.fit_transform(X)
        if compute_inverse_components:
            assert hasattr(random_projection, 'inverse_components_')
            inv_components = random_projection.inverse_components_
            assert inv_components.shape == (n_features, n_components)
        projected_back = random_projection.inverse_transform(projected)
        assert projected_back.shape == X.shape
        projected_again = random_projection.transform(projected_back)
        if hasattr(projected, 'toarray'):
            projected = projected.toarray()
        assert_allclose(projected, projected_again, rtol=1e-07, atol=1e-10)",performance,How does the function handle large inputs in terms of computational complexity?,"The function has a time complexity of O(n_samples * n_features * n_components), which can be computationally expensive for large inputs. However, this can be optimized by.",[]
"@pytest.mark.parametrize('csr_container', CSR_CONTAINERS)
def test_label_binarizer_sparse_errors(csr_container):
    err_msg = 'foo format is not supported'
    with pytest.raises(ValueError, match=err_msg):
        _inverse_binarize_thresholding(y=csr_container([[1, 2], [2, 1]]), output_type='foo', classes=[1, 2], threshold=0)
    err_msg = 'The number of class is not equal to the number of dimension of y.'
    with pytest.raises(ValueError, match=err_msg):
        _inverse_binarize_thresholding(y=csr_container([[1, 2], [2, 1]]), output_type='foo', classes=[1, 2, 3], threshold=0)",performance,Can the function handle very large input matrices efficiently?,"Yes, by leveraging the sparsity of the input matrices and using optimized sparse matrix operations, the function could handle very large input matrices efficiently..",[]
"def std(x: Array, /, *, axis: Optional[Union[int, Tuple[int, ...]]]=None, correction: Union[int, float]=0.0, keepdims: bool=False, **kwargs) -> Array:
    if isinstance(correction, float):
        _correction = int(correction)
        if correction != _correction:
            raise NotImplementedError('float correction in torch std() is not yet supported')
    else:
        _correction = correction
    if axis == ():
        return torch.zeros_like(x)
    if isinstance(axis, int):
        axis = (axis,)
    if axis is None:
        res = torch.std(x, tuple(range(x.ndim)), correction=_correction, **kwargs)
        res = _axis_none_keepdims(res, x.ndim, keepdims)
        return res
    return torch.std(x, axis, correction=_correction, keepdims=keepdims, **kwargs)",general,What is the default value of the correction parameter in the std function?,The default value of the correction parameter.,[]
"def test_pipeline_with_nearest_neighbors_transformer():
    rng = np.random.RandomState(0)
    X = 2 * rng.rand(40, 5) - 1
    X2 = 2 * rng.rand(40, 5) - 1
    y = rng.rand(40, 1)
    n_neighbors = 12
    radius = 1.5
    factor = 2
    k_trans = neighbors.KNeighborsTransformer(n_neighbors=n_neighbors, mode='distance')
    k_trans_factor = neighbors.KNeighborsTransformer(n_neighbors=int(n_neighbors * factor), mode='distance')
    r_trans = neighbors.RadiusNeighborsTransformer(radius=radius, mode='distance')
    r_trans_factor = neighbors.RadiusNeighborsTransformer(radius=int(radius * factor), mode='distance')
    k_reg = neighbors.KNeighborsRegressor(n_neighbors=n_neighbors)
    r_reg = neighbors.RadiusNeighborsRegressor(radius=radius)
    test_list = [(k_trans, k_reg), (k_trans_factor, r_reg), (r_trans, r_reg), (r_trans_factor, k_reg)]
    for trans, reg in test_list:
        reg_compact = clone(reg)
        reg_precomp = clone(reg)
        reg_precomp.set_params(metric='precomputed')
        reg_chain = make_pipeline(clone(trans), reg_precomp)
        y_pred_chain = reg_chain.fit(X, y).predict(X2)
        y_pred_compact = reg_compact.fit(X, y).predict(X2)
        assert_allclose(y_pred_chain, y_pred_compact)",general,What is the purpose of the `test_pipeline_with_nearest_neighbors_transformer` function?,"This function tests the functionality of pipelines combining nearest neighbors transformers and regressors, comparing the predictions from compact and precomputed metrics..",[]
"def assert_compatible_radius_results(neighbors_dists_a, neighbors_dists_b, neighbors_indices_a, neighbors_indices_b, radius, check_sorted=True, rtol=1e-05, atol=1e-06):
    """"""Assert that radius neighborhood results are valid up to:

      - relative and absolute tolerance on computed distance values
      - permutations of indices for distances values that differ up to
        a precision level
      - missing or extra last elements if their distance is
        close to the radius

    To be used for testing neighbors queries on float32 datasets: we
    accept neighbors rank swaps only if they are caused by small
    rounding errors on the distance computations.

    Input arrays must be sorted w.r.t distances.
    """"""
    is_sorted = lambda a: np.all(a[:-1] <= a[1:])
    assert len(neighbors_dists_a) == len(neighbors_dists_b) == len(neighbors_indices_a) == len(neighbors_indices_b)
    n_queries = len(neighbors_dists_a)
    for query_idx in range(n_queries):
        dist_row_a = neighbors_dists_a[query_idx]
        dist_row_b = neighbors_dists_b[query_idx]
        indices_row_a = neighbors_indices_a[query_idx]
        indices_row_b = neighbors_indices_b[query_idx]
        if check_sorted:
            assert is_sorted(dist_row_a), f""Distances aren't sorted on row {query_idx}""
            assert is_sorted(dist_row_b), f""Distances aren't sorted on row {query_idx}""
        assert len(dist_row_a) == len(indices_row_a)
        assert len(dist_row_b) == len(indices_row_b)
        if len(dist_row_a) > 0:
            max_dist_a = np.max(dist_row_a)
            assert max_dist_a <= radius, f'Largest returned distance {max_dist_a} not within requested radius {radius} on row {query_idx}'
        if len(dist_row_b) > 0:
            max_dist_b = np.max(dist_row_b)
            assert max_dist_b <= radius, f'Largest returned distance {max_dist_b} not within requested radius {radius} on row {query_idx}'
        assert_same_distances_for_common_neighbors(query_idx, dist_row_a, dist_row_b, indices_row_a, indices_row_b, rtol, atol)
        threshold = (1 - rtol) * radius - atol
        assert_no_missing_neighbors(query_idx, dist_row_a, dist_row_b, indices_row_a, indices_row_b, threshold)",general,What does the `assert_compatible_radius_results` function check?,"This function checks that the results of radius neighborhood queries are valid, by verifying the distances and indices returned, and ensuring they are within a certain tolerance of the requested radius, and that the indices are correctly perm.",[]
"def __sklearn_tags__(self):
    tags = super().__sklearn_tags__()
    tags._skip_test = True
    tags.target_tags.single_output = False
    tags.target_tags.multi_output = True
    return tags",general,What does the `__sklearn_tags__` function do?,This function overrides the default behavior of the sklearn model by allowing it to handle multiple output targets and disabling the skipping of test cases..,[]
"def std(x: Array, /, *, axis: Optional[Union[int, Tuple[int, ...]]]=None, correction: Union[int, float]=0.0, keepdims: bool=False, **kwargs) -> Array:
    if isinstance(correction, float):
        _correction = int(correction)
        if correction != _correction:
            raise NotImplementedError('float correction in torch std() is not yet supported')
    else:
        _correction = correction
    if axis == ():
        return torch.zeros_like(x)
    if isinstance(axis, int):
        axis = (axis,)
    if axis is None:
        res = torch.std(x, tuple(range(x.ndim)), correction=_correction, **kwargs)
        res = _axis_none_keepdims(res, x.ndim, keepdims)
        return res
    return torch.std(x, axis, correction=_correction, keepdims=keepdims, **kwargs)",feature_request,Can the std function be extended to support calculation of standard deviation for a specified subset of dimensions in the input array?,"This feature could be integrated by allowing the user to specify a list of dimensions to calculate the standard deviation for, in addition to the existing 'axis' parameter. This would be useful for scenarios where the user needs to calculate the standard deviation for a subset of features in a dataset, but still wants to keep the other features in the array..",[]
"def assert_compatible_radius_results(neighbors_dists_a, neighbors_dists_b, neighbors_indices_a, neighbors_indices_b, radius, check_sorted=True, rtol=1e-05, atol=1e-06):
    """"""Assert that radius neighborhood results are valid up to:

      - relative and absolute tolerance on computed distance values
      - permutations of indices for distances values that differ up to
        a precision level
      - missing or extra last elements if their distance is
        close to the radius

    To be used for testing neighbors queries on float32 datasets: we
    accept neighbors rank swaps only if they are caused by small
    rounding errors on the distance computations.

    Input arrays must be sorted w.r.t distances.
    """"""
    is_sorted = lambda a: np.all(a[:-1] <= a[1:])
    assert len(neighbors_dists_a) == len(neighbors_dists_b) == len(neighbors_indices_a) == len(neighbors_indices_b)
    n_queries = len(neighbors_dists_a)
    for query_idx in range(n_queries):
        dist_row_a = neighbors_dists_a[query_idx]
        dist_row_b = neighbors_dists_b[query_idx]
        indices_row_a = neighbors_indices_a[query_idx]
        indices_row_b = neighbors_indices_b[query_idx]
        if check_sorted:
            assert is_sorted(dist_row_a), f""Distances aren't sorted on row {query_idx}""
            assert is_sorted(dist_row_b), f""Distances aren't sorted on row {query_idx}""
        assert len(dist_row_a) == len(indices_row_a)
        assert len(dist_row_b) == len(indices_row_b)
        if len(dist_row_a) > 0:
            max_dist_a = np.max(dist_row_a)
            assert max_dist_a <= radius, f'Largest returned distance {max_dist_a} not within requested radius {radius} on row {query_idx}'
        if len(dist_row_b) > 0:
            max_dist_b = np.max(dist_row_b)
            assert max_dist_b <= radius, f'Largest returned distance {max_dist_b} not within requested radius {radius} on row {query_idx}'
        assert_same_distances_for_common_neighbors(query_idx, dist_row_a, dist_row_b, indices_row_a, indices_row_b, rtol, atol)
        threshold = (1 - rtol) * radius - atol
        assert_no_missing_neighbors(query_idx, dist_row_a, dist_row_b, indices_row_a, indices_row_b, threshold)",feature_request,"Can the function be extended to support more flexible distance tolerance settings, such as per-query tolerance or a list of query-specific tolerance values?","This feature could be integrated by allowing the user to pass a dictionary or list of dictionaries to the function, where each dictionary specifies the tolerance values for a particular query. The function would then use the corresponding tolerance values for each query when performing the assertions. This would be useful in scenarios where different queries require different levels of precision or when dealing with datasets that have varying levels of noise or uncertainty..",[]
"def __sklearn_tags__(self):
    tags = super().__sklearn_tags__()
    tags._skip_test = True
    tags.target_tags.single_output = False
    tags.target_tags.multi_output = True
    return tags",feature_request,How can we add support for handling categorical data in the function?,Not enough information.,[]
"def std(x: Array, /, *, axis: Optional[Union[int, Tuple[int, ...]]]=None, correction: Union[int, float]=0.0, keepdims: bool=False, **kwargs) -> Array:
    if isinstance(correction, float):
        _correction = int(correction)
        if correction != _correction:
            raise NotImplementedError('float correction in torch std() is not yet supported')
    else:
        _correction = correction
    if axis == ():
        return torch.zeros_like(x)
    if isinstance(axis, int):
        axis = (axis,)
    if axis is None:
        res = torch.std(x, tuple(range(x.ndim)), correction=_correction, **kwargs)
        res = _axis_none_keepdims(res, x.ndim, keepdims)
        return res
    return torch.std(x, axis, correction=_correction, keepdims=keepdims, **kwargs)",bug_report,"What could happen if the input array `x` contains non-numeric values, such as strings, when calling the `std` function?",". The function may raise a `RuntimeError` or return an incorrect result, as the `torch.std` function expects numeric values. To fix this, the function could be modified to check the data type of the input array and raise a `ValueError`.",[]
"def test_pipeline_with_nearest_neighbors_transformer():
    rng = np.random.RandomState(0)
    X = 2 * rng.rand(40, 5) - 1
    X2 = 2 * rng.rand(40, 5) - 1
    y = rng.rand(40, 1)
    n_neighbors = 12
    radius = 1.5
    factor = 2
    k_trans = neighbors.KNeighborsTransformer(n_neighbors=n_neighbors, mode='distance')
    k_trans_factor = neighbors.KNeighborsTransformer(n_neighbors=int(n_neighbors * factor), mode='distance')
    r_trans = neighbors.RadiusNeighborsTransformer(radius=radius, mode='distance')
    r_trans_factor = neighbors.RadiusNeighborsTransformer(radius=int(radius * factor), mode='distance')
    k_reg = neighbors.KNeighborsRegressor(n_neighbors=n_neighbors)
    r_reg = neighbors.RadiusNeighborsRegressor(radius=radius)
    test_list = [(k_trans, k_reg), (k_trans_factor, r_reg), (r_trans, r_reg), (r_trans_factor, k_reg)]
    for trans, reg in test_list:
        reg_compact = clone(reg)
        reg_precomp = clone(reg)
        reg_precomp.set_params(metric='precomputed')
        reg_chain = make_pipeline(clone(trans), reg_precomp)
        y_pred_chain = reg_chain.fit(X, y).predict(X2)
        y_pred_compact = reg_compact.fit(X, y).predict(X2)
        assert_allclose(y_pred_chain, y_pred_compact)",bug_report,Why does the function sometimes fail to assert the equality of the predicted values when using different transformers and regressors?,The function may fail to assert the equality of the predicted values due to the use of floating-point.,[]
"def assert_compatible_radius_results(neighbors_dists_a, neighbors_dists_b, neighbors_indices_a, neighbors_indices_b, radius, check_sorted=True, rtol=1e-05, atol=1e-06):
    """"""Assert that radius neighborhood results are valid up to:

      - relative and absolute tolerance on computed distance values
      - permutations of indices for distances values that differ up to
        a precision level
      - missing or extra last elements if their distance is
        close to the radius

    To be used for testing neighbors queries on float32 datasets: we
    accept neighbors rank swaps only if they are caused by small
    rounding errors on the distance computations.

    Input arrays must be sorted w.r.t distances.
    """"""
    is_sorted = lambda a: np.all(a[:-1] <= a[1:])
    assert len(neighbors_dists_a) == len(neighbors_dists_b) == len(neighbors_indices_a) == len(neighbors_indices_b)
    n_queries = len(neighbors_dists_a)
    for query_idx in range(n_queries):
        dist_row_a = neighbors_dists_a[query_idx]
        dist_row_b = neighbors_dists_b[query_idx]
        indices_row_a = neighbors_indices_a[query_idx]
        indices_row_b = neighbors_indices_b[query_idx]
        if check_sorted:
            assert is_sorted(dist_row_a), f""Distances aren't sorted on row {query_idx}""
            assert is_sorted(dist_row_b), f""Distances aren't sorted on row {query_idx}""
        assert len(dist_row_a) == len(indices_row_a)
        assert len(dist_row_b) == len(indices_row_b)
        if len(dist_row_a) > 0:
            max_dist_a = np.max(dist_row_a)
            assert max_dist_a <= radius, f'Largest returned distance {max_dist_a} not within requested radius {radius} on row {query_idx}'
        if len(dist_row_b) > 0:
            max_dist_b = np.max(dist_row_b)
            assert max_dist_b <= radius, f'Largest returned distance {max_dist_b} not within requested radius {radius} on row {query_idx}'
        assert_same_distances_for_common_neighbors(query_idx, dist_row_a, dist_row_b, indices_row_a, indices_row_b, rtol, atol)
        threshold = (1 - rtol) * radius - atol
        assert_no_missing_neighbors(query_idx, dist_row_a, dist_row_b, indices_row_a, indices_row_b, threshold)",bug_report,"What if the input arrays are not sorted w.r.t distances, and the `check_sorted` flag is set to `True`? Will the function correctly handle this case?",". The function will raise an assertion error because it checks if the distances are sorted using the `is_sorted` function, which will fail if the input arrays are not sorted. To fix this, the function could be modified to handle unsorted input arrays or provide a warning instead of raising an error. However, it's worth noting that the function's documentation states that input arrays must be sorted w.r.t distances, so it's unclear why the `check_sorted` flag is provided if the function doesn't actually handle.",[]
"def __sklearn_tags__(self):
    tags = super().__sklearn_tags__()
    tags._skip_test = True
    tags.target_tags.single_output = False
    tags.target_tags.multi_output = True
    return tags",bug_report,"What could cause the `target_tags.single_output` attribute to be set to `True` unexpectedly when calling the `__sklearn_tags__` function, even though it was previously set to `False`?","This could happen if the `target_tags` object is not properly reset or cleared before being reused, allowing the previous value of `single_output` to persist and override the intended value of `False`. The bug could be fixed by ensuring that `target_tags` is properly initialized or cleared before being modified..",[]
"def std(x: Array, /, *, axis: Optional[Union[int, Tuple[int, ...]]]=None, correction: Union[int, float]=0.0, keepdims: bool=False, **kwargs) -> Array:
    if isinstance(correction, float):
        _correction = int(correction)
        if correction != _correction:
            raise NotImplementedError('float correction in torch std() is not yet supported')
    else:
        _correction = correction
    if axis == ():
        return torch.zeros_like(x)
    if isinstance(axis, int):
        axis = (axis,)
    if axis is None:
        res = torch.std(x, tuple(range(x.ndim)), correction=_correction, **kwargs)
        res = _axis_none_keepdims(res, x.ndim, keepdims)
        return res
    return torch.std(x, axis, correction=_correction, keepdims=keepdims, **kwargs)",performance,"What is the time complexity of the function, and are there any potential bottlenecks?","The time complexity of the function is O(n), where n is the number of elements in the input array. The potential bottleneck is the `torch.std` function, which may have additional overhead depending on the underlying implementation. To optimize, consider using a custom.",[]
"def test_pipeline_with_nearest_neighbors_transformer():
    rng = np.random.RandomState(0)
    X = 2 * rng.rand(40, 5) - 1
    X2 = 2 * rng.rand(40, 5) - 1
    y = rng.rand(40, 1)
    n_neighbors = 12
    radius = 1.5
    factor = 2
    k_trans = neighbors.KNeighborsTransformer(n_neighbors=n_neighbors, mode='distance')
    k_trans_factor = neighbors.KNeighborsTransformer(n_neighbors=int(n_neighbors * factor), mode='distance')
    r_trans = neighbors.RadiusNeighborsTransformer(radius=radius, mode='distance')
    r_trans_factor = neighbors.RadiusNeighborsTransformer(radius=int(radius * factor), mode='distance')
    k_reg = neighbors.KNeighborsRegressor(n_neighbors=n_neighbors)
    r_reg = neighbors.RadiusNeighborsRegressor(radius=radius)
    test_list = [(k_trans, k_reg), (k_trans_factor, r_reg), (r_trans, r_reg), (r_trans_factor, k_reg)]
    for trans, reg in test_list:
        reg_compact = clone(reg)
        reg_precomp = clone(reg)
        reg_precomp.set_params(metric='precomputed')
        reg_chain = make_pipeline(clone(trans), reg_precomp)
        y_pred_chain = reg_chain.fit(X, y).predict(X2)
        y_pred_compact = reg_compact.fit(X, y).predict(X2)
        assert_allclose(y_pred_chain, y_pred_compact)",performance,How can the function be optimized to reduce memory usage when dealing with large datasets?,"The function can be optimized by using streaming algorithms for the nearest neighbors transformers, such as ball tree or k-d tree, which can process data in chunks, reducing memory usage. Additionally, the pipeline can be modified to use sparse matrices for the precomputed distances, which can further reduce memory usage..  (Source)  (Edit)  (History)  (Last edited by: anonymous)  (Last edited at: 2023-02-16T11:15:43+00:00)  (Diff)  (Path).",[]
"def assert_compatible_radius_results(neighbors_dists_a, neighbors_dists_b, neighbors_indices_a, neighbors_indices_b, radius, check_sorted=True, rtol=1e-05, atol=1e-06):
    """"""Assert that radius neighborhood results are valid up to:

      - relative and absolute tolerance on computed distance values
      - permutations of indices for distances values that differ up to
        a precision level
      - missing or extra last elements if their distance is
        close to the radius

    To be used for testing neighbors queries on float32 datasets: we
    accept neighbors rank swaps only if they are caused by small
    rounding errors on the distance computations.

    Input arrays must be sorted w.r.t distances.
    """"""
    is_sorted = lambda a: np.all(a[:-1] <= a[1:])
    assert len(neighbors_dists_a) == len(neighbors_dists_b) == len(neighbors_indices_a) == len(neighbors_indices_b)
    n_queries = len(neighbors_dists_a)
    for query_idx in range(n_queries):
        dist_row_a = neighbors_dists_a[query_idx]
        dist_row_b = neighbors_dists_b[query_idx]
        indices_row_a = neighbors_indices_a[query_idx]
        indices_row_b = neighbors_indices_b[query_idx]
        if check_sorted:
            assert is_sorted(dist_row_a), f""Distances aren't sorted on row {query_idx}""
            assert is_sorted(dist_row_b), f""Distances aren't sorted on row {query_idx}""
        assert len(dist_row_a) == len(indices_row_a)
        assert len(dist_row_b) == len(indices_row_b)
        if len(dist_row_a) > 0:
            max_dist_a = np.max(dist_row_a)
            assert max_dist_a <= radius, f'Largest returned distance {max_dist_a} not within requested radius {radius} on row {query_idx}'
        if len(dist_row_b) > 0:
            max_dist_b = np.max(dist_row_b)
            assert max_dist_b <= radius, f'Largest returned distance {max_dist_b} not within requested radius {radius} on row {query_idx}'
        assert_same_distances_for_common_neighbors(query_idx, dist_row_a, dist_row_b, indices_row_a, indices_row_b, rtol, atol)
        threshold = (1 - rtol) * radius - atol
        assert_no_missing_neighbors(query_idx, dist_row_a, dist_row_b, indices_row_a, indices_row_b, threshold)",performance,What is the time complexity of the function?,"The time complexity of the function is O(n), where n is the number of queries, as it iterates over each query and.",[]
"def __sklearn_tags__(self):
    tags = super().__sklearn_tags__()
    tags._skip_test = True
    tags.target_tags.single_output = False
    tags.target_tags.multi_output = True
    return tags",performance,Does this function have any potential performance concerns?,"The function creates a new tags object by calling the parent class's method, which could lead to unnecessary memory allocation and copying of data. Additionally, the function sets multiple properties on the tags object, which could result in slower performance if the tags object is large or complex. To optimize this function, consider using a more memory-efficient approach to create the tags object, such as using a dictionary or a set, and consider setting the properties in a more efficient manner, such as using a single assignment statement..  Please let me know if this is what you were looking for. I'll be happy to make any changes.  Thank you!  -  [.",[]
"def _build_graph(self):
    """"""Graph matrix for Label Spreading computes the graph laplacian""""""
    if self.kernel == 'knn':
        self.nn_fit = None
    n_samples = self.X_.shape[0]
    affinity_matrix = self._get_kernel(self.X_)
    laplacian = csgraph_laplacian(affinity_matrix, normed=True)
    laplacian = -laplacian
    if sparse.issparse(laplacian):
        diag_mask = laplacian.row == laplacian.col
        laplacian.data[diag_mask] = 0.0
    else:
        laplacian.flat[::n_samples + 1] = 0.0
    return laplacian",general,** What is the purpose of the _build_graph function?,** This function computes the graph laplacian for Label.,[]
"@validate_params({'data_home': [str, os.PathLike, None]}, prefer_skip_nested_validation=True)
def clear_data_home(data_home=None):
    """"""Delete all the content of the data home cache.

    Parameters
    ----------
    data_home : str or path-like, default=None
        The path to scikit-learn data directory. If `None`, the default path
        is `~/scikit_learn_data`.

    Examples
    --------
    >>> from sklearn.datasets import clear_data_home
    >>> clear_data_home()  # doctest: +SKIP
    """"""
    data_home = get_data_home(data_home)
    shutil.rmtree(data_home)",general,What is the purpose of the `clear_data_home` function?,It deletes all the content of the data home cache..,[]
"def _build_graph(self):
    """"""Graph matrix for Label Spreading computes the graph laplacian""""""
    if self.kernel == 'knn':
        self.nn_fit = None
    n_samples = self.X_.shape[0]
    affinity_matrix = self._get_kernel(self.X_)
    laplacian = csgraph_laplacian(affinity_matrix, normed=True)
    laplacian = -laplacian
    if sparse.issparse(laplacian):
        diag_mask = laplacian.row == laplacian.col
        laplacian.data[diag_mask] = 0.0
    else:
        laplacian.flat[::n_samples + 1] = 0.0
    return laplacian",feature_request,"Can the function also compute the graph Laplacian for other types of kernels, such as the Gaussian kernel or the polynomial kernel, in addition to the KNN kernel?",The function could be modified to accept a kernel type parameter and use a dictionary to map the kernel type to the corresponding computation method. This would allow users to specify the kernel type and compute the graph Laplacian accordingly. This feature would be useful for users who want to experiment with different kernel types and see how they affect the graph Laplacian computation..,[]
"def _build_graph(self):
    """"""Graph matrix for Label Spreading computes the graph laplacian""""""
    if self.kernel == 'knn':
        self.nn_fit = None
    n_samples = self.X_.shape[0]
    affinity_matrix = self._get_kernel(self.X_)
    laplacian = csgraph_laplacian(affinity_matrix, normed=True)
    laplacian = -laplacian
    if sparse.issparse(laplacian):
        diag_mask = laplacian.row == laplacian.col
        laplacian.data[diag_mask] = 0.0
    else:
        laplacian.flat[::n_samples + 1] = 0.0
    return laplacian",bug_report,"What happens if the input matrix `self.X_` is not a numpy array, but a pandas DataFrame?","The function may raise an error because it directly accesses the shape attribute of the input matrix, which is not available for a pandas DataFrame. It could be fixed by converting the DataFrame to a numpy array before processing..",[]
"@validate_params({'data_home': [str, os.PathLike, None]}, prefer_skip_nested_validation=True)
def clear_data_home(data_home=None):
    """"""Delete all the content of the data home cache.

    Parameters
    ----------
    data_home : str or path-like, default=None
        The path to scikit-learn data directory. If `None`, the default path
        is `~/scikit_learn_data`.

    Examples
    --------
    >>> from sklearn.datasets import clear_data_home
    >>> clear_data_home()  # doctest: +SKIP
    """"""
    data_home = get_data_home(data_home)
    shutil.rmtree(data_home)",bug_report,"What happens if the `data_home` parameter is set to an invalid path, such as a directory that does not exist or is not writable?","If the `data_home` parameter is set to an invalid path, the function will raise a `FileNotFoundError` or a `PermissionError` when trying to delete the directory using `shutil.rmtree()`. This can be fixed by adding input validation to check if the `data_home` path exists and is writable before attempting to delete it. For example, you can use `os.path.exists()` and `os.",[]
"def _build_graph(self):
    """"""Graph matrix for Label Spreading computes the graph laplacian""""""
    if self.kernel == 'knn':
        self.nn_fit = None
    n_samples = self.X_.shape[0]
    affinity_matrix = self._get_kernel(self.X_)
    laplacian = csgraph_laplacian(affinity_matrix, normed=True)
    laplacian = -laplacian
    if sparse.issparse(laplacian):
        diag_mask = laplacian.row == laplacian.col
        laplacian.data[diag_mask] = 0.0
    else:
        laplacian.flat[::n_samples + 1] = 0.0
    return laplacian",performance,"What is the potential performance concern in the _build_graph function when computing the graph laplacian, and how could it be optimized?","The potential performance concern is the conversion of the sparse matrix to a dense matrix to set the diagonal elements to zero, which could be optimized by using sparse matrix operations to directly set the diagonal elements to zero, avoiding the need for dense matrix conversion..",[]
"@validate_params({'data_home': [str, os.PathLike, None]}, prefer_skip_nested_validation=True)
def clear_data_home(data_home=None):
    """"""Delete all the content of the data home cache.

    Parameters
    ----------
    data_home : str or path-like, default=None
        The path to scikit-learn data directory. If `None`, the default path
        is `~/scikit_learn_data`.

    Examples
    --------
    >>> from sklearn.datasets import clear_data_home
    >>> clear_data_home()  # doctest: +SKIP
    """"""
    data_home = get_data_home(data_home)
    shutil.rmtree(data_home)",performance,Can the function handle large amounts of data efficiently?,"The function uses shutil.rmtree() which could be slow for large directories, but it's a one-time operation and the function is designed for cleaning up cache, so the performance impact is likely to be minimal..",[]
